일시,기온(°C),강수량(mm),풍속(m/s),습도(%),적설(cm)
2019-01-01 0:00,-5.5,0,1,54,0
2019-01-01 1:00,-5.9,0,1.8,56,0
2019-01-01 2:00,-6.5,0,1.2,60,0
2019-01-01 3:00,-6.9,0,2.2,62,0
2019-01-01 4:00,-7.2,0,1.2,57,0
2019-01-01 5:00,-7.6,0,2.1,59,0
2019-01-01 6:00,-7.9,0,1.3,60,0
2019-01-01 7:00,-7.7,0,1.3,58,0
2019-01-01 8:00,-7.7,0,0.9,57,0
2019-01-01 9:00,-7,0,0.9,50,0
2019-01-01 10:00,-4.9,0,1.6,44,0
2019-01-01 11:00,-3.7,0,2.5,41,0
2019-01-01 12:00,-2.8,0,2.8,47,0
2019-01-01 13:00,-1.5,0,2.7,49,0
2019-01-01 14:00,-1.7,0,3.5,51,0
2019-01-01 15:00,-1.5,0,3,46,0
2019-01-01 16:00,-0.9,0,3.2,45,0
2019-01-01 17:00,-1.8,0,2.2,48,0
2019-01-01 18:00,-2.7,0,2.6,45,0
2019-01-01 19:00,-3.2,0,3.2,45,0
2019-01-01 20:00,-3.9,0,3.5,42,0
2019-01-01 21:00,-4.6,0,2.6,36,0
2019-01-01 22:00,-5.4,0,3.1,43,0
2019-01-01 23:00,-6,0,1.1,48,0
2019-01-02 0:00,-6.7,0,1.3,50,0
2019-01-02 1:00,-7.2,0,0.8,52,0
2019-01-02 2:00,-7.8,0,1.3,54,0
2019-01-02 3:00,-8,0,0.9,55,0
2019-01-02 4:00,-8.4,0,1.3,59,0
2019-01-02 5:00,-8.5,0,0.8,57,0
2019-01-02 6:00,-8.5,0,0.6,57,0
2019-01-02 7:00,-8.5,0,0.7,61,0
2019-01-02 8:00,-8.7,0,0.8,63,0
2019-01-02 9:00,-7.5,0,1.4,51,0
2019-01-02 10:00,-5.6,0,1.5,40,0
2019-01-02 11:00,-4.1,0,2.2,33,0
2019-01-02 12:00,-2.8,0,3.2,29,0
2019-01-02 13:00,-1.8,0,3,26,0
2019-01-02 14:00,-0.2,0,2.5,22,0
2019-01-02 15:00,0,0,2.6,23,0
2019-01-02 16:00,0,0,2,22,0
2019-01-02 17:00,-1,0,1.8,32,0
2019-01-02 18:00,-2.6,0,2.2,37,0
2019-01-02 19:00,-3.3,0,2,39,0
2019-01-02 20:00,-3.9,0,1.1,43,0
2019-01-02 21:00,-4.4,0,1.7,44,0
2019-01-02 22:00,-4.3,0,2,47,0
2019-01-02 23:00,-4.6,0,1.6,47,0
2019-01-03 0:00,-5.4,0,2.4,46,0
2019-01-03 1:00,-6.1,0,0.8,48,0
2019-01-03 2:00,-7,0,0.8,53,0
2019-01-03 3:00,-7.5,0,0.7,51,0
2019-01-03 4:00,-7.7,0,2.4,53,0
2019-01-03 5:00,-8,0,1.1,57,0
2019-01-03 6:00,-8.1,0,1.7,54,0
2019-01-03 7:00,-8.3,0,0.7,58,0
2019-01-03 8:00,-8.4,0,0.9,56,0
2019-01-03 9:00,-7.7,0,0.5,43,0
2019-01-03 10:00,-4.8,0,1,33,0
2019-01-03 11:00,-2.4,0,1.3,30,0
2019-01-03 12:00,-0.4,0,1.9,26,0
2019-01-03 13:00,1.1,0,1.4,22,0
2019-01-03 14:00,2.4,0,1.9,20,0
2019-01-03 15:00,2.9,0,2.3,20,0
2019-01-03 16:00,3.2,0,1.7,19,0
2019-01-03 17:00,1.5,0,1.2,20,0
2019-01-03 18:00,-0.4,0,1.6,22,0
2019-01-03 19:00,-0.9,0,2,24,0
2019-01-03 20:00,-1.7,0,1.5,45,0
2019-01-03 21:00,-2.7,0,0.7,47,0
2019-01-03 22:00,-3.3,0,0.7,42,0
2019-01-03 23:00,-3.9,0,1.3,41,0
2019-01-04 0:00,-3.9,0,0.8,47,0
2019-01-04 1:00,-4.1,0,0.4,46,0
2019-01-04 2:00,-4.5,0,0.6,44,0
2019-01-04 3:00,-4.9,0,1.1,47,0
2019-01-04 4:00,-5.2,0,0.6,50,0
2019-01-04 5:00,-5.5,0,0.7,47,0
2019-01-04 6:00,-5.8,0,0.8,50,0
2019-01-04 7:00,-6,0,1.2,55,0
2019-01-04 8:00,-6.1,0,1.1,54,0
2019-01-04 9:00,-5.4,0,1.3,49,0
2019-01-04 10:00,-3.5,0,0.7,40,0
2019-01-04 11:00,-1.5,0,1,37,0
2019-01-04 12:00,-0.4,0,0.7,34,0
2019-01-04 13:00,1.1,0,1.5,40,0
2019-01-04 14:00,3.1,0,2.5,36,0
2019-01-04 15:00,3.9,0,2.7,40,0
2019-01-04 16:00,3,0,1.6,49,0
2019-01-04 17:00,2.7,0,1.3,61,0
2019-01-04 18:00,2.3,0,1.5,69,0
2019-01-04 19:00,1.5,0,1,74,0
2019-01-04 20:00,1.4,0,1.2,75,0
2019-01-04 21:00,1.4,0,1.8,75,0
2019-01-04 22:00,0.7,0,1.1,79,0
2019-01-04 23:00,0.1,0,1,81,0
2019-01-05 0:00,-0.2,0,1.7,80,0
2019-01-05 1:00,-0.4,0,2.2,81,0
2019-01-05 2:00,-1.5,0,3,75,0
2019-01-05 3:00,-2.2,0,2.1,75,0
2019-01-05 4:00,-2.9,0,1.4,65,0
2019-01-05 5:00,-3.8,0,1.2,61,0
2019-01-05 6:00,-4.5,0,0.6,58,0
2019-01-05 7:00,-4.6,0,1.6,50,0
2019-01-05 8:00,-4.5,0,3.3,46,0
2019-01-05 9:00,-4.7,0,2.9,47,0
2019-01-05 10:00,-4,0,3.5,45,0
2019-01-05 11:00,-2.8,0,3.7,38,0
2019-01-05 12:00,-2,0,3.6,34,0
2019-01-05 13:00,-0.7,0,2.8,30,0
2019-01-05 14:00,-0.5,0,2.4,25,0
2019-01-05 15:00,0.6,0,3.5,20,0
2019-01-05 16:00,0.4,0,2.7,21,0
2019-01-05 17:00,-0.3,0,1.9,21,0
2019-01-05 18:00,-1.5,0,1.6,23,0
2019-01-05 19:00,-2.1,0,1.5,26,0
2019-01-05 20:00,-2.6,0,1.7,28,0
2019-01-05 21:00,-2.9,0,1.8,28,0
2019-01-05 22:00,-3.9,0,1.7,31,0
2019-01-05 23:00,-4.8,0,1.5,35,0
2019-01-06 0:00,-5.5,0,1.4,37,0
2019-01-06 1:00,-6,0,1.8,37,0
2019-01-06 2:00,-6.3,0,0.9,38,0
2019-01-06 3:00,-5.9,0,0.1,37,0
2019-01-06 4:00,-5.7,0,0.8,35,0
2019-01-06 5:00,-5.6,0,0.3,36,0
2019-01-06 6:00,-5.4,0,0.5,35,0
2019-01-06 7:00,-5.3,0,1.2,38,0
2019-01-06 8:00,-5.7,0,0.7,39,0
2019-01-06 9:00,-5.2,0,0.9,38,0
2019-01-06 10:00,-4.2,0,0.3,35,0
2019-01-06 11:00,-1.3,0,1.7,31,0
2019-01-06 12:00,0.2,0,2.2,28,0
2019-01-06 13:00,1.6,0,1.3,21,0
2019-01-06 14:00,1.8,0,2.1,22,0
2019-01-06 15:00,2.1,0,2.8,21,0
2019-01-06 16:00,2.5,0,1.8,22,0
2019-01-06 17:00,0.8,0,1.8,28,0
2019-01-06 18:00,-0.9,0,1.6,28,0
2019-01-06 19:00,-1.7,0,2.4,35,0
2019-01-06 20:00,-2.3,0,0.7,48,0
2019-01-06 21:00,-3.1,0,1.3,48,0
2019-01-06 22:00,-3.7,0,0.2,49,0
2019-01-06 23:00,-3.8,0,0.4,48,0
2019-01-07 0:00,-4.1,0,0.5,45,0
2019-01-07 1:00,-4.3,0,1.2,51,0
2019-01-07 2:00,-4.5,0,0.9,55,0
2019-01-07 3:00,-4.9,0,0.6,56,0
2019-01-07 4:00,-5.2,0,1.3,57,0
2019-01-07 5:00,-5.5,0,0.2,59,0
2019-01-07 6:00,-5.9,0,0.7,57,0
2019-01-07 7:00,-6.2,0,0.6,56,0
2019-01-07 8:00,-6,0,0.5,52,0
2019-01-07 9:00,-5.4,0,0.9,51,0
2019-01-07 10:00,-2.3,0,1.6,46,0
2019-01-07 11:00,-0.5,0,2,40,0
2019-01-07 12:00,0.6,0,2.8,33,0
2019-01-07 13:00,1.4,0,2.4,31,0
2019-01-07 14:00,1.7,0,3.6,34,0
2019-01-07 15:00,2.6,0,3,34,0
2019-01-07 16:00,2.7,0,1.9,31,0
2019-01-07 17:00,1.7,0,1.8,29,0
2019-01-07 18:00,0.6,0,1.1,34,0
2019-01-07 19:00,0.2,0,1.6,41,0
2019-01-07 20:00,-0.3,0,2,55,0
2019-01-07 21:00,-0.6,0,0.9,63,0
2019-01-07 22:00,-1.4,0,0.8,64,0
2019-01-07 23:00,-1.9,0,0.8,52,0
2019-01-08 0:00,-2.2,0,1.8,43,0
2019-01-08 1:00,-2.5,0,1,46,0
2019-01-08 2:00,-2.6,0,1.8,39,0
2019-01-08 3:00,-3.1,0,1.6,34,0
2019-01-08 4:00,-4.2,0,0.8,36,0
2019-01-08 5:00,-4.9,0,0.5,38,0
2019-01-08 6:00,-5.3,0,0.6,38,0
2019-01-08 7:00,-5.4,0,0.8,40,0
2019-01-08 8:00,-5.6,0,0.6,42,0
2019-01-08 9:00,-4.6,0,2.3,40,0
2019-01-08 10:00,-2.9,0,2,36,0
2019-01-08 11:00,-2.1,0,3.3,32,0
2019-01-08 12:00,-0.9,0,2.7,27,0
2019-01-08 13:00,-0.2,0,3.2,26,0
2019-01-08 14:00,-0.4,0,4.9,23,0
2019-01-08 15:00,0.3,0,3.4,20,0
2019-01-08 16:00,0.2,0,5.2,23,0
2019-01-08 17:00,-0.8,0,5,21,0
2019-01-08 18:00,-2,0,3,21,0
2019-01-08 19:00,-3.2,0,5.1,21,0
2019-01-08 20:00,-5,0,6.5,32,0
2019-01-08 21:00,-5.7,0,2.1,34,0
2019-01-08 22:00,-6.6,0,0.6,35,0
2019-01-08 23:00,-7.1,0,1.8,34,0
2019-01-09 0:00,-7,0,2,34,0
2019-01-09 1:00,-7.5,0,1.1,34,0
2019-01-09 2:00,-7.7,0,2.5,34,0
2019-01-09 3:00,-7.6,0,1.9,31,0
2019-01-09 4:00,-8.3,0,0.7,32,0
2019-01-09 5:00,-8.8,0,1.1,33,0
2019-01-09 6:00,-9.2,0,0.8,35,0
2019-01-09 7:00,-9.3,0,0.5,36,0
2019-01-09 8:00,-9.3,0,0.9,37,0
2019-01-09 9:00,-8.6,0,1.5,35,0
2019-01-09 10:00,-6.2,0,1,31,0
2019-01-09 11:00,-3.6,0,1.2,27,0
2019-01-09 12:00,-2.4,0,1.6,25,0
2019-01-09 13:00,-1.9,0,1.4,23,0
2019-01-09 14:00,-0.8,0,0.8,20,0
2019-01-09 15:00,0.7,0,1.3,19,0
2019-01-09 16:00,0.8,0,1.4,20,0
2019-01-09 17:00,-0.4,0,1.9,22,0
2019-01-09 18:00,-2,0,1.4,24,0
2019-01-09 19:00,-2.8,0,0.8,27,0
2019-01-09 20:00,-3.4,0,1.7,29,0
2019-01-09 21:00,-4,0,1.6,30,0
2019-01-09 22:00,-4.2,0,1.6,30,0
2019-01-09 23:00,-4.4,0,1.7,30,0
2019-01-10 0:00,-4.3,0,1.4,31,0
2019-01-10 1:00,-4.1,0,1.2,31,0
2019-01-10 2:00,-3.9,0,2.6,31,0
2019-01-10 3:00,-4.2,0,1.4,30,0
2019-01-10 4:00,-4,0,1.7,29,0
2019-01-10 5:00,-4.1,0,2.2,30,0
2019-01-10 6:00,-4.2,0,0.4,31,0
2019-01-10 7:00,-4.3,0,0.5,30,0
2019-01-10 8:00,-4.1,0,0.5,32,0
2019-01-10 9:00,-3.8,0,0.6,33,0
2019-01-10 10:00,-2.2,0,1,32,0
2019-01-10 11:00,-1,0,0.4,32,0
2019-01-10 12:00,2,0,1.6,36,0
2019-01-10 13:00,2.2,0,2.5,43,0
2019-01-10 14:00,1.9,0,3,39,0
2019-01-10 15:00,2.3,0,3,50,0
2019-01-10 16:00,2.7,0,2.7,51,0
2019-01-10 17:00,2.2,0,1.8,54,0
2019-01-10 18:00,1.5,0,1.6,60,0
2019-01-10 19:00,1,0,1.6,65,0
2019-01-10 20:00,0.8,0,1.9,69,0
2019-01-10 21:00,0.6,0,0.8,75,0
2019-01-10 22:00,0.6,0,0.3,77,0
2019-01-10 23:00,0.5,0,0.7,78,0
2019-01-11 0:00,0.6,0,0.7,75,0
2019-01-11 1:00,0.7,0,0.6,75,0
2019-01-11 2:00,0.8,0,0.4,74,0
2019-01-11 3:00,0.6,0,0.7,75,0
2019-01-11 4:00,0.3,0,0.4,76,0
2019-01-11 5:00,0.1,0,0.6,76,0
2019-01-11 6:00,0.1,0,1,75,0
2019-01-11 7:00,-0.1,0,0.6,76,0
2019-01-11 8:00,-0.3,0,1.1,78,0
2019-01-11 9:00,-0.2,0,1.3,75,0
2019-01-11 10:00,1.1,0,1.3,66,0
2019-01-11 11:00,2.9,0,1.3,56,0
2019-01-11 12:00,4.7,0,1.2,47,0
2019-01-11 13:00,5.9,0,0.8,42,0
2019-01-11 14:00,6.8,0,0.9,41,0
2019-01-11 15:00,6.5,0,0.9,43,0
2019-01-11 16:00,6,0,0.8,43,0
2019-01-11 17:00,5,0,1.2,45,0
2019-01-11 18:00,4.3,0,1.2,45,0
2019-01-11 19:00,3.7,0,2.2,47,0
2019-01-11 20:00,2.9,0,1.2,49,0
2019-01-11 21:00,2.2,0,0.6,52,0
2019-01-11 22:00,1.6,0,1.5,54,0
2019-01-11 23:00,1.6,0,0.6,54,0
2019-01-12 0:00,1.2,0,0.4,58,0
2019-01-12 1:00,1.5,0,0.2,52,0
2019-01-12 2:00,1.4,0,0.6,56,0
2019-01-12 3:00,1.5,0,0.4,54,0
2019-01-12 4:00,1.4,0,0.4,52,0
2019-01-12 5:00,1.5,0,0.8,53,0
2019-01-12 6:00,1.5,0,0.3,54,0
2019-01-12 7:00,1.3,0,0.3,53,0
2019-01-12 8:00,1,0,0.7,56,0
2019-01-12 9:00,1.3,0,0.4,51,0
2019-01-12 10:00,2.5,0,1.5,52,0
2019-01-12 11:00,3.8,0,1,46,0
2019-01-12 12:00,5.7,0,1.3,37,0
2019-01-12 13:00,6.8,0,2,35,0
2019-01-12 14:00,7,0,2.9,35,0
2019-01-12 15:00,7.8,0,1.8,33,0
2019-01-12 16:00,6.9,0,1.7,34,0
2019-01-12 17:00,5.5,0,2.9,42,0
2019-01-12 18:00,3.8,0,2.8,46,0
2019-01-12 19:00,2.7,0,1.1,48,0
2019-01-12 20:00,2.2,0,1.6,45,0
2019-01-12 21:00,1.4,0,2.7,50,0
2019-01-12 22:00,0.7,0,1,53,0
2019-01-12 23:00,0,0,0.5,53,0
2019-01-13 0:00,-0.6,0,1.3,56,0
2019-01-13 1:00,-1,0,1.9,60,0
2019-01-13 2:00,-0.8,0,1.4,61,0
2019-01-13 3:00,-1.4,0,0.8,60,0
2019-01-13 4:00,-2.2,0,0.6,59,0
2019-01-13 5:00,-2.6,0,0.9,62,0
2019-01-13 6:00,-2.9,0,0.7,64,0
2019-01-13 7:00,-2.9,0,0.5,63,0
2019-01-13 8:00,-2.9,0,0.5,64,0
2019-01-13 9:00,-2.4,0,0.4,56,0
2019-01-13 10:00,-0.3,0,1.5,51,0
2019-01-13 11:00,2.5,0,1.6,42,0
2019-01-13 12:00,4,0,1.6,32,0
2019-01-13 13:00,6.3,0,2.3,31,0
2019-01-13 14:00,7,0,2.4,26,0
2019-01-13 15:00,7.1,0,3,25,0
2019-01-13 16:00,7.2,0,1.7,26,0
2019-01-13 17:00,5.7,0,1.5,31,0
2019-01-13 18:00,4.3,0,1.3,45,0
2019-01-13 19:00,3.1,0,0.3,63,0
2019-01-13 20:00,2.1,0,0.9,71,0
2019-01-13 21:00,1.4,0,1.8,75,0
2019-01-13 22:00,0.9,0,1,78,0
2019-01-13 23:00,0.3,0,1.4,74,0
2019-01-14 0:00,-0.2,0,0.2,77,0
2019-01-14 1:00,-0.7,0,1.3,78,0
2019-01-14 2:00,-1,0,0.8,79,0
2019-01-14 3:00,-1,0,0.1,78,0
2019-01-14 4:00,-1.2,0,0.6,80,0
2019-01-14 5:00,-1.6,0,0.6,80,0
2019-01-14 6:00,-1.9,0,0.6,80,0
2019-01-14 7:00,-2.2,0,0.4,82,0
2019-01-14 8:00,-2.2,0,0.5,79,0
2019-01-14 9:00,-1.7,0,0.5,75,0
2019-01-14 10:00,-0.4,0,0.7,72,0
2019-01-14 11:00,1.4,0,0.7,64,0
2019-01-14 12:00,3.1,0,1,56,0
2019-01-14 13:00,4.1,0,1,54,0
2019-01-14 14:00,4.8,0,1.2,53,0
2019-01-14 15:00,5.2,0,1.2,52,0
2019-01-14 16:00,4.9,0,1.3,52,0
2019-01-14 17:00,4.2,0,1,57,0
2019-01-14 18:00,3.2,0,1.7,62,0
2019-01-14 19:00,2.7,0,1.8,68,0
2019-01-14 20:00,2.5,0,1.4,72,0
2019-01-14 21:00,2.2,0,1.1,74,0
2019-01-14 22:00,2.2,0,0.2,73,0
2019-01-14 23:00,2.1,0,0.5,73,0
2019-01-15 0:00,2.3,0,1.1,72,0
2019-01-15 1:00,2.4,0,1.8,73,0
2019-01-15 2:00,2.2,0,1.5,72,0
2019-01-15 3:00,1.9,0,1.8,72,0
2019-01-15 4:00,1.2,0,2.2,75,0
2019-01-15 5:00,0.3,0,1.8,81,0
2019-01-15 6:00,-0.8,0,1.9,83,0
2019-01-15 7:00,-1.5,0,0.8,81,0
2019-01-15 8:00,-1.9,0,0.8,79,0
2019-01-15 9:00,-1.5,0,2.2,74,0
2019-01-15 10:00,-0.7,0,2.9,69,0
2019-01-15 11:00,0.1,0,2.8,62,0
2019-01-15 12:00,0,0,4.1,64,0
2019-01-15 13:00,0.4,0,4,61,0
2019-01-15 14:00,1.6,0,3,49,0
2019-01-15 15:00,2.6,0,2.7,40,0
2019-01-15 16:00,1.1,0,4.3,31,0
2019-01-15 17:00,-1,0,4.2,43,0
2019-01-15 18:00,-2.8,0,4.2,34,0
2019-01-15 19:00,-3.9,0,4.3,43,0
2019-01-15 20:00,-5.3,0,4.3,47,0
2019-01-15 21:00,-6.2,0,2.5,51,0
2019-01-15 22:00,-6.5,0,3.2,51,0
2019-01-15 23:00,-6.8,0,2.2,51,0
2019-01-16 0:00,-7.1,0,2.5,52,0
2019-01-16 1:00,-7.3,0,4,52,0
2019-01-16 2:00,-7.7,0,2.8,53,0
2019-01-16 3:00,-8.1,0,2.7,50,0
2019-01-16 4:00,-8.8,0,0.5,53,0
2019-01-16 5:00,-9.3,0,3.1,51,0
2019-01-16 6:00,-9.4,0,2.1,50,0
2019-01-16 7:00,-9.8,0,1.4,51,0
2019-01-16 8:00,-9.8,0,2.2,49,0
2019-01-16 9:00,-9.1,0,2.2,46,0
2019-01-16 10:00,-7.2,0,1.7,41,0
2019-01-16 11:00,-5.3,0,1.8,34,0
2019-01-16 12:00,-4.6,0,2.9,32,0
2019-01-16 13:00,-4,0,3.2,28,0
2019-01-16 14:00,-2.7,0,2.9,19,0
2019-01-16 15:00,-1.9,0,2.6,21,0
2019-01-16 16:00,-1.7,0,2.6,25,0
2019-01-16 17:00,-1.9,0,1.5,29,0
2019-01-16 18:00,-3.2,0,1.7,33,0
2019-01-16 19:00,-3.3,0,1.8,37,0
2019-01-16 20:00,-3.1,0,2.5,41,0
2019-01-16 21:00,-3.1,0,2.6,55,0
2019-01-16 22:00,-2.9,0,2.2,61,0
2019-01-16 23:00,-2.8,0,1.4,67,0
2019-01-17 0:00,-2.6,0,1.6,80,0
2019-01-17 1:00,-2.4,0,0.9,80,0
2019-01-17 2:00,-2.4,0,0.1,78,0
2019-01-17 3:00,-2.2,0,0.4,78,0
2019-01-17 4:00,-2.1,0,0.3,77,0
2019-01-17 5:00,-2.2,0,0.3,78,0
2019-01-17 6:00,-2.1,0,0.3,71,0
2019-01-17 7:00,-2.7,0,0.2,75,0
2019-01-17 8:00,-3.1,0,0.8,74,0
2019-01-17 9:00,-2.3,0,1.9,66,0
2019-01-17 10:00,-0.7,0,2.9,56,0
2019-01-17 11:00,0.7,0,3,39,0
2019-01-17 12:00,1.8,0,2.8,27,0
2019-01-17 13:00,2.4,0,4.4,21,0
2019-01-17 14:00,3.2,0,4.5,19,0
2019-01-17 15:00,3.3,0,4.3,20,0
2019-01-17 16:00,4,0,3.4,20,0
2019-01-17 17:00,3,0,3.8,22,0
2019-01-17 18:00,1.6,0,2.9,27,0
2019-01-17 19:00,0.7,0,2.5,31,0
2019-01-17 20:00,0.1,0,1.3,39,0
2019-01-17 21:00,-0.7,0,0.6,42,0
2019-01-17 22:00,-1.5,0,0.3,40,0
2019-01-17 23:00,-1.8,0,0.7,34,0
2019-01-18 0:00,-2.1,0,0.9,35,0
2019-01-18 1:00,-2.6,0,0.9,35,0
2019-01-18 2:00,-3,0,1.1,35,0
2019-01-18 3:00,-3.1,0,1,34,0
2019-01-18 4:00,-3.6,0,0.9,34,0
2019-01-18 5:00,-4,0,1.4,41,0
2019-01-18 6:00,-4.3,0,0.8,42,0
2019-01-18 7:00,-4.3,0,0.7,42,0
2019-01-18 8:00,-4.6,0,0.8,44,0
2019-01-18 9:00,-3.9,0,0.4,39,0
2019-01-18 10:00,-1.4,0,1.3,35,0
2019-01-18 11:00,1.8,0,0.7,30,0
2019-01-18 12:00,4.3,0,1.7,26,0
2019-01-18 13:00,5.3,0,2.9,23,0
2019-01-18 14:00,6.1,0,1.9,31,0
2019-01-18 15:00,6.5,0,2.7,33,0
2019-01-18 16:00,5.8,0,3.1,37,0
2019-01-18 17:00,4.5,0,2.4,45,0
2019-01-18 18:00,3,0,1.6,51,0
2019-01-18 19:00,2.2,0,1.3,55,0
2019-01-18 20:00,1.7,0,1.5,58,0
2019-01-18 21:00,1.5,0,1,60,0
2019-01-18 22:00,1.4,0,0.3,63,0
2019-01-18 23:00,0.9,0,0.5,64,0
2019-01-19 0:00,0.4,0,0.6,67,0
2019-01-19 1:00,0.5,0,0.6,64,0
2019-01-19 2:00,0.5,0,1,64,0
2019-01-19 3:00,0.2,0,0.7,63,0
2019-01-19 4:00,0.1,0,1.3,63,0
2019-01-19 5:00,0.1,0,0.9,64,0
2019-01-19 6:00,0.2,0,1,64,0
2019-01-19 7:00,0.5,0,1.1,63,0
2019-01-19 8:00,0.6,0,1,62,0
2019-01-19 9:00,1.4,0,1,58,0
2019-01-19 10:00,2.7,0,1.1,53,0
2019-01-19 11:00,3.6,0,1.3,52,0
2019-01-19 12:00,5,0,1.4,50,0
2019-01-19 13:00,6.3,0,0.7,51,0
2019-01-19 14:00,7.6,0,2,51,0
2019-01-19 15:00,8.1,0,1.7,48,0
2019-01-19 16:00,7.7,0,0.8,47,0
2019-01-19 17:00,7.7,0,1.2,48,0
2019-01-19 18:00,5.9,0,1.1,57,0
2019-01-19 19:00,4.7,0,1.2,62,0
2019-01-19 20:00,3.9,0,1.2,66,0
2019-01-19 21:00,3.9,0,2.9,66,0
2019-01-19 22:00,4.1,0,1.9,67,0
2019-01-19 23:00,4.3,0,1.8,67,0
2019-01-20 0:00,3.9,0,1.9,72,0
2019-01-20 1:00,3.6,0,2.5,76,0
2019-01-20 2:00,2.7,0,2,77,0
2019-01-20 3:00,2,0,1.8,78,0
2019-01-20 4:00,1.2,0,3.6,68,0
2019-01-20 5:00,0.2,0,1.8,54,0
2019-01-20 6:00,-0.8,0,3.5,47,0
2019-01-20 7:00,-1.6,0,2.6,52,0
2019-01-20 8:00,-2.4,0,3.6,50,0
2019-01-20 9:00,-2.4,0,5.3,38,0
2019-01-20 10:00,-1.6,0,4.1,34,0
2019-01-20 11:00,-0.6,0,3,30,0
2019-01-20 12:00,-0.4,0,4.4,28,0
2019-01-20 13:00,0.7,0,4.6,26,0
2019-01-20 14:00,1.1,0,3.8,24,0
2019-01-20 15:00,1.5,0,3.1,20,0
2019-01-20 16:00,1,0,4.6,20,0
2019-01-20 17:00,0.1,0,4,21,0
2019-01-20 18:00,-1.4,0,2.9,24,0
2019-01-20 19:00,-2.4,0,3.2,29,0
2019-01-20 20:00,-3.2,0,2.5,31,0
2019-01-20 21:00,-4,0,4,33,0
2019-01-20 22:00,-4.8,0,1.8,36,0
2019-01-20 23:00,-5.4,0,1.8,38,0
2019-01-21 0:00,-5.5,0,1.6,40,0
2019-01-21 1:00,-5.7,0,1.8,42,0
2019-01-21 2:00,-6.2,0,0.4,43,0
2019-01-21 3:00,-6.4,0,0.1,47,0
2019-01-21 4:00,-6.4,0,1,46,0
2019-01-21 5:00,-6.4,0,0.1,51,0
2019-01-21 6:00,-6.3,0,0.3,52,0
2019-01-21 7:00,-6.3,0,0.8,54,0
2019-01-21 8:00,-6.5,0,1.2,54,0
2019-01-21 9:00,-5.2,0,0.9,49,0
2019-01-21 10:00,-3.2,0,0.9,47,0
2019-01-21 11:00,-1.4,0,0.6,44,0
2019-01-21 12:00,0.4,0,1.9,57,0
2019-01-21 13:00,0.2,0,2,77,0
2019-01-21 14:00,1.9,0,2.7,66,0
2019-01-21 15:00,3,0,3.2,62,0
2019-01-21 16:00,3.9,0,4.2,58,0
2019-01-21 17:00,3.8,0,3.5,62,0
2019-01-21 18:00,3.4,0,2.2,64,0
2019-01-21 19:00,2.7,0,1.8,67,0
2019-01-21 20:00,2.3,0,2.4,64,0
2019-01-21 21:00,2,0,3.3,64,0
2019-01-21 22:00,1.3,0,1.5,68,0
2019-01-21 23:00,0.3,0,0.6,69,0
2019-01-22 0:00,-0.8,0,0.9,67,0
2019-01-22 1:00,-1.2,0,1.3,69,0
2019-01-22 2:00,-1.5,0,1.2,68,0
2019-01-22 3:00,-1.8,0,0.9,68,0
2019-01-22 4:00,-2.3,0,0.4,71,0
2019-01-22 5:00,-2.3,0,0.2,71,0
2019-01-22 6:00,-2.9,0,1.1,73,0
2019-01-22 7:00,-3.2,0,1.2,74,0
2019-01-22 8:00,-3.2,0,0.9,77,0
2019-01-22 9:00,-2.4,0,1.5,69,0
2019-01-22 10:00,-0.2,0,1.1,60,0
2019-01-22 11:00,3,0,1.4,62,0
2019-01-22 12:00,5.9,0,2.1,52,0
2019-01-22 13:00,6.4,0,3.9,45,0
2019-01-22 14:00,6.6,0,3.5,46,0
2019-01-22 15:00,6.4,0,2.6,46,0
2019-01-22 16:00,6.6,0,3.5,46,0
2019-01-22 17:00,5.4,0,2.6,50,0
2019-01-22 18:00,4.3,0,2.6,52,0
2019-01-22 19:00,3.6,0,2.1,63,0
2019-01-22 20:00,3,0,1.5,68,0
2019-01-22 21:00,2.8,0,1.8,67,0
2019-01-22 22:00,2.4,0,1.4,67,0
2019-01-22 23:00,2,0,1.6,68,0
2019-01-23 0:00,1.6,0,2.2,69,0
2019-01-23 1:00,1,0,0.5,73,0
2019-01-23 2:00,0.4,0,1.1,76,0
2019-01-23 3:00,0.1,0,0.6,80,0
2019-01-23 4:00,-0.4,0,0.9,83,0
2019-01-23 5:00,-0.6,0,0.7,86,0
2019-01-23 6:00,-0.5,0,0.9,85,0
2019-01-23 7:00,-0.7,0,0.8,88,0
2019-01-23 8:00,-0.6,0,1,88,0
2019-01-23 9:00,-0.1,0,0.8,85,0
2019-01-23 10:00,2,0,1.3,75,0
2019-01-23 11:00,4.1,0,2.7,62,0
2019-01-23 12:00,4.8,0,3.9,40,0
2019-01-23 13:00,5.9,0,3.3,26,0
2019-01-23 14:00,6.7,0,3.7,22,0
2019-01-23 15:00,6.9,0,4.1,22,0
2019-01-23 16:00,6.8,0,3.2,22,0
2019-01-23 17:00,5.8,0,2.8,20,0
2019-01-23 18:00,4,0,3.7,18,0
2019-01-23 19:00,2.9,0,2.7,23,0
2019-01-23 20:00,1.9,0,2.3,27,0
2019-01-23 21:00,1,0,3,30,0
2019-01-23 22:00,0.4,0,2.7,31,0
2019-01-23 23:00,-0.2,0,3.4,31,0
2019-01-24 0:00,-0.6,0,2.9,31,0
2019-01-24 1:00,-1.5,0,2,35,0
2019-01-24 2:00,-2.5,0,1.2,36,0
2019-01-24 3:00,-2.9,0,1.2,40,0
2019-01-24 4:00,-3.2,0,0.3,40,0
2019-01-24 5:00,-3.6,0,1.8,41,0
2019-01-24 6:00,-4.2,0,1.2,41,0
2019-01-24 7:00,-4.5,0,1.7,43,0
2019-01-24 8:00,-4.5,0,1.7,43,0
2019-01-24 9:00,-3.8,0,0.4,34,0
2019-01-24 10:00,-0.7,0,0.8,31,0
2019-01-24 11:00,2.2,0,1.8,23,0
2019-01-24 12:00,4,0,1.7,20,0
2019-01-24 13:00,5.4,0,2.9,17,0
2019-01-24 14:00,5.6,0,2.4,14,0
2019-01-24 15:00,6.2,0,3,15,0
2019-01-24 16:00,5.9,0,3.2,13,0
2019-01-24 17:00,4.7,0,2.9,19,0
2019-01-24 18:00,2.8,0,1.5,28,0
2019-01-24 19:00,1.7,0,1.3,28,0
2019-01-24 20:00,0.5,0,1.8,39,0
2019-01-24 21:00,-0.2,0,1.8,48,0
2019-01-24 22:00,-0.8,0,1.6,48,0
2019-01-24 23:00,-1.2,0,1.3,51,0
2019-01-25 0:00,-1.4,0,1.2,53,0
2019-01-25 1:00,-1.6,0,1.3,56,0
2019-01-25 2:00,-1.8,0,0.9,54,0
2019-01-25 3:00,-1.3,0,1.8,44,0
2019-01-25 4:00,-1.9,0,1.9,35,0
2019-01-25 5:00,-2.3,0,2.3,35,0
2019-01-25 6:00,-3,0,2.2,30,0
2019-01-25 7:00,-3.4,0,1.5,29,0
2019-01-25 8:00,-3.6,0,1.5,32,0
2019-01-25 9:00,-3.1,0,1.5,30,0
2019-01-25 10:00,-0.9,0,2.7,26,0
2019-01-25 11:00,0.6,0,3,26,0
2019-01-25 12:00,1.2,0,3.6,25,0
2019-01-25 13:00,1.2,0,4.9,24,0
2019-01-25 14:00,2.2,0,3.8,22,0
2019-01-25 15:00,2.4,0,3.8,20,0
2019-01-25 16:00,1.6,0,3.7,19,0
2019-01-25 17:00,0.9,0,3.8,19,0
2019-01-25 18:00,-0.5,0,2.3,23,0
2019-01-25 19:00,-1.2,0,2.5,25,0
2019-01-25 20:00,-1.6,0,2.7,23,0
2019-01-25 21:00,-2.2,0,3,24,0
2019-01-25 22:00,-3,0,1.5,27,0
2019-01-25 23:00,-3.3,0,1.6,26,0
2019-01-26 0:00,-3.4,0,3.1,25,0
2019-01-26 1:00,-3.8,0,2.4,28,0
2019-01-26 2:00,-4.8,0,1.1,30,0
2019-01-26 3:00,-5.1,0,1.8,32,0
2019-01-26 4:00,-5.3,0,2.2,32,0
2019-01-26 5:00,-5.9,0,1.1,33,0
2019-01-26 6:00,-5.9,0,4.3,34,0
2019-01-26 7:00,-5.8,0,3.8,33,0
2019-01-26 8:00,-6.3,0,2.7,36,0
2019-01-26 9:00,-5.7,0,2.8,32,0
2019-01-26 10:00,-4.6,0,2.1,30,0
2019-01-26 11:00,-1.8,0,1.5,25,0
2019-01-26 12:00,-0.2,0,2.8,25,0
2019-01-26 13:00,-0.5,0,2.5,25,0
2019-01-26 14:00,0.4,0,2.7,24,0
2019-01-26 15:00,1.7,0,1.6,20,0
2019-01-26 16:00,1.3,0,3.4,23,0
2019-01-26 17:00,1.5,0,2.7,24,0
2019-01-26 18:00,0,0,2.7,27,0
2019-01-26 19:00,-0.7,0,1.4,29,0
2019-01-26 20:00,-1.2,0,1.6,32,0
2019-01-26 21:00,-1.6,0,2.8,34,0
2019-01-26 22:00,-2.2,0,3.3,37,0
2019-01-26 23:00,-2.8,0,2.2,40,0
2019-01-27 0:00,-3.6,0,1.9,43,0
2019-01-27 1:00,-4.2,0,1.1,47,0
2019-01-27 2:00,-4.8,0,1.8,52,0
2019-01-27 3:00,-5.2,0,0.7,52,0
2019-01-27 4:00,-5.8,0,1,53,0
2019-01-27 5:00,-6,0,1.4,54,0
2019-01-27 6:00,-6,0,0.6,55,0
2019-01-27 7:00,-6.3,0,0.5,54,0
2019-01-27 8:00,-6.6,0,1.1,56,0
2019-01-27 9:00,-5.7,0,1.2,48,0
2019-01-27 10:00,-2.5,0,1.2,41,0
2019-01-27 11:00,0.8,0,1.1,35,0
2019-01-27 12:00,3.2,0,2.7,30,0
2019-01-27 13:00,4.2,0,2.9,32,0
2019-01-27 14:00,4.5,0,2.9,37,0
2019-01-27 15:00,4.7,0,2.5,43,0
2019-01-27 16:00,4,0,2.5,48,0
2019-01-27 17:00,3.1,0,2.1,56,0
2019-01-27 18:00,2.8,0,2,59,0
2019-01-27 19:00,2.7,0,2.5,61,0
2019-01-27 20:00,2.6,0,2.8,61,0
2019-01-27 21:00,2.6,0,2.8,63,0
2019-01-27 22:00,2.5,0,1.9,67,0
2019-01-27 23:00,2.3,0,2.2,69,0
2019-01-28 0:00,2.4,0,1.1,70,0
2019-01-28 1:00,2.5,0,1.5,69,0
2019-01-28 2:00,2.6,0,2.6,76,0
2019-01-28 3:00,2.3,0,1.7,78,0
2019-01-28 4:00,2.5,0,2.3,73,0
2019-01-28 5:00,2.8,0,2.4,73,0
2019-01-28 6:00,2.5,0,1.4,70,0
2019-01-28 7:00,2,0,2.7,67,0
2019-01-28 8:00,1,0,3.7,69,0
2019-01-28 9:00,0.4,0,3,54,0
2019-01-28 10:00,0.8,0,5.6,30,0
2019-01-28 11:00,1.5,0,5.2,24,0
2019-01-28 12:00,2.2,0,5.1,21,0
2019-01-28 13:00,2.8,0,4.5,21,0
2019-01-28 14:00,3.4,0,4.3,20,0
2019-01-28 15:00,4.2,0,3.8,18,0
2019-01-28 16:00,3.8,0,4.4,18,0
2019-01-28 17:00,2.8,0,4,18,0
2019-01-28 18:00,1.6,0,3.3,22,0
2019-01-28 19:00,0.7,0,2.9,25,0
2019-01-28 20:00,-0.2,0,5.4,28,0
2019-01-28 21:00,-1.1,0,2.9,29,0
2019-01-28 22:00,-1.7,0,1.2,31,0
2019-01-28 23:00,-1.8,0,2.8,28,0
2019-01-29 0:00,-2.4,0,1.7,31,0
2019-01-29 1:00,-2.9,0,1.9,31,0
2019-01-29 2:00,-3.5,0,1,32,0
2019-01-29 3:00,-4,0,1.8,34,0
2019-01-29 4:00,-4.4,0,1.4,37,0
2019-01-29 5:00,-4.6,0,1.2,37,0
2019-01-29 6:00,-5,0,0.8,39,0
2019-01-29 7:00,-5.4,0,1.5,43,0
2019-01-29 8:00,-5.6,0,1,43,0
2019-01-29 9:00,-4.5,0,1.1,36,0
2019-01-29 10:00,-1.3,0,0.9,29,0
2019-01-29 11:00,1.5,0,0.9,26,0
2019-01-29 12:00,3.5,0,1.4,24,0
2019-01-29 13:00,4.1,0,2.1,23,0
2019-01-29 14:00,6.1,0,1.4,19,0
2019-01-29 15:00,6.6,0,1.6,20,0
2019-01-29 16:00,6.7,0,1.6,18,0
2019-01-29 17:00,5.5,0,2.5,23,0
2019-01-29 18:00,2.8,0,2.6,34,0
2019-01-29 19:00,1.2,0,2.3,45,0
2019-01-29 20:00,0.4,0,1.3,48,0
2019-01-29 21:00,-0.3,0,0.6,48,0
2019-01-29 22:00,-0.5,0,0.9,45,0
2019-01-29 23:00,-0.7,0,1.4,48,0
2019-01-30 0:00,-0.7,0,1.7,49,0
2019-01-30 1:00,-0.7,0,1.5,49,0
2019-01-30 2:00,-1,0,1,51,0
2019-01-30 3:00,-0.8,0,0.5,49,0
2019-01-30 4:00,-1.1,0,0.7,48,0
2019-01-30 5:00,-1.7,0,0.4,48,0
2019-01-30 6:00,-1.9,0,0.4,51,0
2019-01-30 7:00,-2.5,0,1.1,54,0
2019-01-30 8:00,-2.7,0,0.8,52,0
2019-01-30 9:00,-1.6,0,0.5,45,0
2019-01-30 10:00,0.8,0,0.5,40,0
2019-01-30 11:00,3.9,0,1.9,41,0
2019-01-30 12:00,4.3,0,2.3,47,0
2019-01-30 13:00,5.8,0,1.4,43,0
2019-01-30 14:00,6.2,0,2.8,44,0
2019-01-30 15:00,6.3,0,3.3,41,0
2019-01-30 16:00,6.4,0,2.5,40,0
2019-01-30 17:00,5.3,0,2.9,55,0
2019-01-30 18:00,4,0,2.2,63,0
2019-01-30 19:00,3.2,0,1.7,67,0
2019-01-30 20:00,2.6,0,1.2,69,0
2019-01-30 21:00,2.1,0,1.4,70,0
2019-01-30 22:00,2.1,0,1.8,74,0
2019-01-30 23:00,2.1,0,1.8,74,0
2019-01-31 0:00,2.3,0,3.2,71,0
2019-01-31 1:00,1.7,0,3.3,69,0
2019-01-31 2:00,1.3,0,3.1,63,0
2019-01-31 3:00,0.8,0,1.9,55,0
2019-01-31 4:00,0,0,2,41,0
2019-01-31 5:00,-0.3,0,1.9,40,0
2019-01-31 6:00,-0.7,0,3.3,35,0
2019-01-31 7:00,-1.2,0,3.2,32,0
2019-01-31 8:00,-1.6,0,3.1,29,0
2019-01-31 9:00,-1.7,0,2.7,27,0
2019-01-31 10:00,-1.7,0,3.2,25,0
2019-01-31 11:00,-1.7,0,2.9,23,0
2019-01-31 12:00,-1.7,0,3.3,23,0
2019-01-31 13:00,-1.4,0,2.7,22,0
2019-01-31 14:00,-0.6,0,2.5,20,0
2019-01-31 15:00,0.5,0,2.3,18,0
2019-01-31 16:00,-0.1,0,3,18,0
2019-01-31 17:00,-1.1,0,3,20,0
2019-01-31 18:00,-2.6,0,3.8,19,0
2019-01-31 19:00,-3.5,0,4.3,21,0
2019-01-31 20:00,-4.5,0,3.6,21,0
2019-01-31 21:00,-4.8,0,3.1,23,0
2019-01-31 22:00,-5.2,0,3,28,0
2019-01-31 23:00,-5.6,0,3.8,30,0
2019-02-01 0:00,-6.2,0,2.3,32,0
2019-02-01 1:00,-6.7,0,1.5,33,0
2019-02-01 2:00,-7.1,0,1.6,37,0
2019-02-01 3:00,-7.3,0,0.9,39,0
2019-02-01 4:00,-7.4,0,0.7,41,0
2019-02-01 5:00,-7.2,0,0.4,43,0
2019-02-01 6:00,-7.2,0,0.4,47,0
2019-02-01 7:00,-7.1,0,0.1,50,0
2019-02-01 8:00,-6.9,0,0.7,48,0
2019-02-01 9:00,-6,0,0.4,40,0
2019-02-01 10:00,-2.4,0,1.4,33,0
2019-02-01 11:00,-0.1,0,1.6,29,0
2019-02-01 12:00,1.1,0,3.6,33,0
2019-02-01 13:00,2.4,0,4,35,0
2019-02-01 14:00,1.8,0,3.8,42,0
2019-02-01 15:00,1.9,0,3.7,44,0
2019-02-01 16:00,1.5,0,3.1,50,0
2019-02-01 17:00,1.5,0,2.8,54,0
2019-02-01 18:00,1.2,0,2,62,0
2019-02-01 19:00,0.6,0,1.3,79,0.2
2019-02-01 20:00,0.4,0,1.3,62,0.2
2019-02-01 21:00,0.6,0.3,1.7,57,0.2
2019-02-01 22:00,0,0,1.8,55,0.2
2019-02-01 23:00,-0.6,0,1.4,56,0.2
2019-02-02 0:00,-1.3,0,0.7,59,0.2
2019-02-02 1:00,-1.7,0,0.9,59,0.2
2019-02-02 2:00,-2.3,0,0.1,65,0.2
2019-02-02 3:00,-2.6,0,0.5,67,0.2
2019-02-02 4:00,-3.1,0,1.1,73,0.2
2019-02-02 5:00,-3,0,1,76,0.2
2019-02-02 6:00,-2.3,0,1.3,73,0.2
2019-02-02 7:00,-1.8,0,0.9,69,0.2
2019-02-02 8:00,-1.3,0,1.2,67,0.2
2019-02-02 9:00,-0.9,0,1.2,65,0.2
2019-02-02 10:00,-0.3,0,1.3,63,0.2
2019-02-02 11:00,0.4,0,1,61,0
2019-02-02 12:00,1.5,0,1.5,59,0
2019-02-02 13:00,2.8,0,1.1,55,0
2019-02-02 14:00,3.7,0,1.1,53,0
2019-02-02 15:00,4.5,0,1,51,0
2019-02-02 16:00,5.7,0,1.5,47,0
2019-02-02 17:00,5.7,0,0.9,49,0
2019-02-02 18:00,3.9,0,1.1,57,0
2019-02-02 19:00,3.4,0,0.9,56,0
2019-02-02 20:00,3.7,0,1.1,55,0
2019-02-02 21:00,3.5,0,0.4,55,0
2019-02-02 22:00,3.6,0,1.4,55,0
2019-02-02 23:00,3.5,0,1.6,54,0
2019-02-03 0:00,3.7,0,1.5,53,0
2019-02-03 1:00,3.5,0,1.6,58,0
2019-02-03 2:00,3.1,0,1.1,71,0
2019-02-03 3:00,2.3,0.5,1.9,82,0
2019-02-03 4:00,2,0,1.8,87,0
2019-02-03 5:00,2.1,0,2,94,0
2019-02-03 6:00,2.3,3.5,1.9,95,0
2019-02-03 7:00,2.5,0,2,95,0
2019-02-03 8:00,2.9,0,1.4,95,0
2019-02-03 9:00,3.2,5,1.4,95,0
2019-02-03 10:00,3.7,0,1.2,96,0
2019-02-03 11:00,4,0,1.1,96,0
2019-02-03 12:00,4.4,3.5,0.6,96,0
2019-02-03 13:00,4.5,0,0.5,96,0
2019-02-03 14:00,4.7,0,0.2,97,0
2019-02-03 15:00,4.9,1,0.4,97,0
2019-02-03 16:00,4.7,0,1.1,97,0
2019-02-03 17:00,4.1,0,2.5,97,0
2019-02-03 18:00,3.9,1,2.1,97,0
2019-02-03 19:00,3.8,0,2.5,97,0
2019-02-03 20:00,3.7,0,2.8,96,0
2019-02-03 21:00,3.6,1.5,2.4,95,0
2019-02-03 22:00,3.4,0,2.7,93,0
2019-02-03 23:00,2.9,0,2.6,88,0
2019-02-04 0:00,2.1,0,2.2,86,0
2019-02-04 1:00,0.8,0,3.2,55,0
2019-02-04 2:00,-0.1,0,2.7,51,0
2019-02-04 3:00,-1,0,1.9,53,0
2019-02-04 4:00,-1.4,0,1.6,51,0
2019-02-04 5:00,-2,0,1.1,49,0
2019-02-04 6:00,-2.2,0,1.5,47,0
2019-02-04 7:00,-2.6,0,1.7,46,0
2019-02-04 8:00,-3.1,0,1.2,49,0
2019-02-04 9:00,-2.8,0,2.1,47,0
2019-02-04 10:00,-1.7,0,2.4,43,0
2019-02-04 11:00,-0.3,0,2.2,34,0
2019-02-04 12:00,1.1,0,3.3,26,0
2019-02-04 13:00,1.7,0,2.7,23,0
2019-02-04 14:00,2.5,0,2.7,19,0
2019-02-04 15:00,2.6,0,2.9,21,0
2019-02-04 16:00,2.5,0,1.7,19,0
2019-02-04 17:00,1.9,0,1.9,28,0
2019-02-04 18:00,0.6,0,2.5,33,0
2019-02-04 19:00,-0.3,0,2.3,39,0
2019-02-04 20:00,-0.9,0,1.5,44,0
2019-02-04 21:00,-1.3,0,1.1,46,0
2019-02-04 22:00,-1.7,0,0.6,51,0
2019-02-04 23:00,-1.9,0,0.9,52,0
2019-02-05 0:00,-2.1,0,0.1,50,0
2019-02-05 1:00,-2.5,0,0.6,53,0
2019-02-05 2:00,-2.8,0,0.4,48,0
2019-02-05 3:00,-3.2,0,0.8,54,0
2019-02-05 4:00,-3.3,0,0.8,56,0
2019-02-05 5:00,-3.6,0,1.1,59,0
2019-02-05 6:00,-2.8,0,0.9,56,0
2019-02-05 7:00,-2.2,0,1.3,52,0
2019-02-05 8:00,-2.1,0,1.1,45,0
2019-02-05 9:00,-1.2,0,1.3,44,0
2019-02-05 10:00,1,0,1.3,39,0
2019-02-05 11:00,3.4,0,1.3,34,0
2019-02-05 12:00,5.9,0,1,28,0
2019-02-05 13:00,7,0,1.5,24,0
2019-02-05 14:00,9.3,0,1.1,18,0
2019-02-05 15:00,10.1,0,2.3,19,0
2019-02-05 16:00,9.2,0,2.2,17,0
2019-02-05 17:00,8.7,0,1.2,18,0
2019-02-05 18:00,7.6,0,0.7,22,0
2019-02-05 19:00,6,0,0,28,0
2019-02-05 20:00,4.8,0,0.6,33,0
2019-02-05 21:00,3.8,0,0.7,35,0
2019-02-05 22:00,3.1,0,0.2,36,0
2019-02-05 23:00,2.7,0,1.4,41,0
2019-02-06 0:00,2,0,0.3,39,0
2019-02-06 1:00,1.6,0,0.7,47,0
2019-02-06 2:00,1,0,1.4,50,0
2019-02-06 3:00,0.4,0,1.3,56,0
2019-02-06 4:00,0.3,0,0.8,51,0
2019-02-06 5:00,0.3,0,1.1,54,0
2019-02-06 6:00,0.4,0,1.2,53,0
2019-02-06 7:00,0.2,0,1.5,55,0
2019-02-06 8:00,0.2,0,1.3,46,0
2019-02-06 9:00,1.5,0,1,38,0
2019-02-06 10:00,3.2,0,1.1,38,0
2019-02-06 11:00,4.9,0,0.8,36,0
2019-02-06 12:00,7.5,0,0.8,34,0
2019-02-06 13:00,8.9,0,1.1,46,0
2019-02-06 14:00,9.3,0,1.7,47,0
2019-02-06 15:00,9.2,0,2.6,52,0
2019-02-06 16:00,9.1,0,2.1,52,0
2019-02-06 17:00,8.7,0,1.6,52,0
2019-02-06 18:00,8.1,0,1.6,53,0
2019-02-06 19:00,7.9,0,1.8,56,0
2019-02-06 20:00,7.5,0,1.7,57,0
2019-02-06 21:00,7,0,2.3,71,0
2019-02-06 22:00,6.8,0,1.9,77,0
2019-02-06 23:00,6.5,0,1.7,80,0
2019-02-07 0:00,6.3,0,1.6,82,0
2019-02-07 1:00,5.8,0,1.9,85,0
2019-02-07 2:00,5.2,0,2.2,89,0
2019-02-07 3:00,4.5,0,2.7,83,0
2019-02-07 4:00,3.3,0,3.1,89,0
2019-02-07 5:00,1.9,0,3.7,86,0
2019-02-07 6:00,0.8,0.5,3.6,76,0
2019-02-07 7:00,0.3,0,3.5,74,0
2019-02-07 8:00,-0.8,0,4.3,69,0
2019-02-07 9:00,-1.3,0,2.7,62,0
2019-02-07 10:00,-0.9,0,3.8,45,0
2019-02-07 11:00,-1.6,0,5,41,0
2019-02-07 12:00,-1.2,0,4.6,29,0
2019-02-07 13:00,-0.7,0,4.3,26,0
2019-02-07 14:00,-0.7,0,4.5,21,0
2019-02-07 15:00,-1.2,0,4.3,20,0
2019-02-07 16:00,-1.7,0,4.2,20,0
2019-02-07 17:00,-2.2,0,3.6,22,0
2019-02-07 18:00,-3.9,0,3.2,23,0
2019-02-07 19:00,-4.8,0,3.8,31,0
2019-02-07 20:00,-5.5,0,3.8,30,0
2019-02-07 21:00,-6.3,0,3.3,32,0
2019-02-07 22:00,-7.2,0,2.5,37,0
2019-02-07 23:00,-7.7,0,3.3,39,0
2019-02-08 0:00,-8.2,0,4.7,39,0
2019-02-08 1:00,-8.8,0,1.7,36,0
2019-02-08 2:00,-9.2,0,1.4,34,0
2019-02-08 3:00,-9.3,0,2.7,35,0
2019-02-08 4:00,-9.6,0,2.9,34,0
2019-02-08 5:00,-9.8,0,2.2,35,0
2019-02-08 6:00,-10,0,1.7,36,0
2019-02-08 7:00,-10,0,2,37,0
2019-02-08 8:00,-10.1,0,1.7,40,0
2019-02-08 9:00,-9.5,0,1.1,34,0
2019-02-08 10:00,-7.1,0,1.5,31,0
2019-02-08 11:00,-5.3,0,0.9,26,0
2019-02-08 12:00,-3.9,0,2,26,0
2019-02-08 13:00,-2.6,0,1.7,23,0
2019-02-08 14:00,-1.5,0,1.9,20,0
2019-02-08 15:00,-1.9,0,2.8,23,0
2019-02-08 16:00,-2,0,2.9,23,0
2019-02-08 17:00,-2.5,0,2.7,24,0
2019-02-08 18:00,-3.9,0,2.2,29,0
2019-02-08 19:00,-4.7,0,3.6,33,0
2019-02-08 20:00,-5,0,1.4,33,0
2019-02-08 21:00,-4.9,0,2.7,32,0
2019-02-08 22:00,-4.9,0,2,34,0
2019-02-08 23:00,-5,0,2.8,34,0
2019-02-09 0:00,-5.4,0,2,37,0
2019-02-09 1:00,-5.7,0,1.4,38,0
2019-02-09 2:00,-5.8,0,3.3,39,0
2019-02-09 3:00,-6.2,0,3.1,36,0
2019-02-09 4:00,-6.4,0,2.9,32,0
2019-02-09 5:00,-7.2,0,2.9,39,0
2019-02-09 6:00,-7.6,0,3.1,42,0
2019-02-09 7:00,-8.1,0,1.5,44,0
2019-02-09 8:00,-8.5,0,1.8,44,0
2019-02-09 9:00,-8,0,1.4,36,0
2019-02-09 10:00,-6.4,0,3.2,34,0
2019-02-09 11:00,-5.1,0,3.3,27,0
2019-02-09 12:00,-4.4,0,4.2,26,0
2019-02-09 13:00,-3.1,0,2.4,25,0
2019-02-09 14:00,-2.5,0,3.3,22,0
2019-02-09 15:00,-2.4,0,2.4,21,0
2019-02-09 16:00,-2.4,0,3.1,21,0
2019-02-09 17:00,-2.7,0,3,21,0
2019-02-09 18:00,-3.5,0,2.5,23,0
2019-02-09 19:00,-3.9,0,2.1,24,0
2019-02-09 20:00,-4.5,0,1.9,22,0
2019-02-09 21:00,-5,0,2.5,26,0
2019-02-09 22:00,-5.4,0,3.7,25,0
2019-02-09 23:00,-5.9,0,2.7,29,0
2019-02-10 0:00,-6.5,0,2.1,30,0
2019-02-10 1:00,-6.9,0,2.4,33,0
2019-02-10 2:00,-7.5,0,0.5,31,0
2019-02-10 3:00,-8.1,0,0.6,32,0
2019-02-10 4:00,-8.2,0,1.6,33,0
2019-02-10 5:00,-8.6,0,1.1,36,0
2019-02-10 6:00,-8.9,0,1.1,39,0
2019-02-10 7:00,-9,0,1.1,39,0
2019-02-10 8:00,-8.9,0,0.6,39,0
2019-02-10 9:00,-7.6,0,0.7,36,0
2019-02-10 10:00,-5.8,0,1.2,32,0
2019-02-10 11:00,-4,0,0.7,28,0
2019-02-10 12:00,-2.4,0,1.6,28,0
2019-02-10 13:00,-2.3,0,2.2,27,0
2019-02-10 14:00,-2.4,0,2.3,24,0
2019-02-10 15:00,-2,0,1.8,25,0
2019-02-10 16:00,-2.3,0,2.5,26,0
2019-02-10 17:00,-2.6,0,2.7,27,0
2019-02-10 18:00,-3,0,1.4,28,0
2019-02-10 19:00,-3.4,0,3.2,27,0
2019-02-10 20:00,-3.6,0,2,27,0
2019-02-10 21:00,-3.6,0,2.5,31,0
2019-02-10 22:00,-3.7,0,2.4,34,0
2019-02-10 23:00,-4,0,2.8,33,0
2019-02-11 0:00,-4.2,0,2.2,31,0
2019-02-11 1:00,-4.6,0,1.4,33,0
2019-02-11 2:00,-5.4,0,1.3,34,0
2019-02-11 3:00,-5.8,0,2.5,39,0
2019-02-11 4:00,-6.1,0,2.5,43,0
2019-02-11 5:00,-6.5,0,1.9,46,0
2019-02-11 6:00,-7.1,0,0.6,47,0
2019-02-11 7:00,-7.4,0,1.8,46,0
2019-02-11 8:00,-7.4,0,1,43,0
2019-02-11 9:00,-6,0,2,39,0
2019-02-11 10:00,-4,0,3,33,0
2019-02-11 11:00,-2.7,0,3.5,33,0
2019-02-11 12:00,-1,0,3.2,25,0
2019-02-11 13:00,-0.3,0,3.8,24,0
2019-02-11 14:00,1,0,3.1,24,0
2019-02-11 15:00,1.2,0,2.7,24,0
2019-02-11 16:00,1.6,0,2.9,22,0
2019-02-11 17:00,1.3,0,3.1,20,0
2019-02-11 18:00,0,0,3,33,0
2019-02-11 19:00,-0.8,0,2,35,0
2019-02-11 20:00,-1.3,0,2.3,39,0
2019-02-11 21:00,-1.9,0,1.5,43,0
2019-02-11 22:00,-2.2,0,2.1,42,0
2019-02-11 23:00,-2.7,0,1.6,29,0
2019-02-12 0:00,-3.5,0,0.4,29,0
2019-02-12 1:00,-4,0,0.1,30,0
2019-02-12 2:00,-4,0,0.7,35,0
2019-02-12 3:00,-3.3,0,1.2,40,0
2019-02-12 4:00,-2.6,0,2,35,0
2019-02-12 5:00,-2.9,0,0.8,52,0
2019-02-12 6:00,-3,0,1.1,52,0
2019-02-12 7:00,-2.9,0,1.4,55,0
2019-02-12 8:00,-2.8,0,1,59,0
2019-02-12 9:00,-2.3,0,1.5,54,0
2019-02-12 10:00,-0.9,0,1.5,48,0
2019-02-12 11:00,0.7,0,3,41,0
2019-02-12 12:00,1.5,0,2.4,36,0
2019-02-12 13:00,2.2,0,2.9,32,0
2019-02-12 14:00,3,0,2.7,28,0
2019-02-12 15:00,3.2,0,2.2,28,0
2019-02-12 16:00,3.3,0,2.8,26,0
2019-02-12 17:00,2.9,0,2.1,24,0
2019-02-12 18:00,1.5,0,2.3,22,0
2019-02-12 19:00,0.7,0,1.5,23,0
2019-02-12 20:00,0.2,0,2.2,22,0
2019-02-12 21:00,-0.2,0,3.2,24,0
2019-02-12 22:00,-0.9,0,1.6,26,0
2019-02-12 23:00,-1.4,0,2.1,27,0
2019-02-13 0:00,-1.9,0,2.4,28,0
2019-02-13 1:00,-2.4,0,2,28,0
2019-02-13 2:00,-2.8,0,1.9,30,0
2019-02-13 3:00,-3.4,0,2,33,0
2019-02-13 4:00,-4.3,0,1.4,35,0
2019-02-13 5:00,-4.4,0,1.9,34,0
2019-02-13 6:00,-5.2,0,2,34,0
2019-02-13 7:00,-5.6,0,1.2,34,0
2019-02-13 8:00,-5.6,0,2,37,0
2019-02-13 9:00,-4.5,0,3.1,31,0
2019-02-13 10:00,-2.7,0,1.1,25,0
2019-02-13 11:00,-1.1,0,1.7,23,0
2019-02-13 12:00,0.2,0,2.5,18,0
2019-02-13 13:00,0.4,0,3.9,16,0
2019-02-13 14:00,1.4,0,4,16,0
2019-02-13 15:00,1.6,0,2.9,16,0
2019-02-13 16:00,2.5,0,3.1,17,0
2019-02-13 17:00,1.1,0,2.6,20,0
2019-02-13 18:00,0,0,2.2,29,0
2019-02-13 19:00,-1.2,0,2.8,32,0
2019-02-13 20:00,-1.7,0,2.7,32,0
2019-02-13 21:00,-2.2,0,1.6,27,0
2019-02-13 22:00,-2.6,0,2.2,26,0
2019-02-13 23:00,-3.2,0,2.2,26,0
2019-02-14 0:00,-3.3,0,1.3,25,0
2019-02-14 1:00,-3.8,0,0.8,23,0
2019-02-14 2:00,-4.3,0,0.7,20,0
2019-02-14 3:00,-4.8,0,0.7,22,0
2019-02-14 4:00,-5.1,0,0.5,30,0
2019-02-14 5:00,-5.6,0,1.1,26,0
2019-02-14 6:00,-5.7,0,1,27,0
2019-02-14 7:00,-5.7,0,0.5,28,0
2019-02-14 8:00,-5.8,0,0.9,29,0
2019-02-14 9:00,-4.2,0,0.9,26,0
2019-02-14 10:00,-1.3,0,1,24,0
2019-02-14 11:00,0.6,0,1.8,23,0
2019-02-14 12:00,2.1,0,1.8,21,0
2019-02-14 13:00,4.1,0,2.4,19,0
2019-02-14 14:00,5.8,0,2.3,17,0
2019-02-14 15:00,6,0,2.2,17,0
2019-02-14 16:00,6.3,0,1.2,16,0
2019-02-14 17:00,4.9,0,1.8,20,0
2019-02-14 18:00,2.8,0,1.8,22,0
2019-02-14 19:00,1.5,0,2.4,25,0
2019-02-14 20:00,0.6,0,1.1,26,0
2019-02-14 21:00,0.2,0,2.7,27,0
2019-02-14 22:00,-0.6,0,1.9,36,0
2019-02-14 23:00,-0.7,0,1.6,33,0
2019-02-15 0:00,-0.7,0,1.6,32,0
2019-02-15 1:00,-0.7,0,1.1,31,0
2019-02-15 2:00,-0.6,0,1,33,0
2019-02-15 3:00,-0.5,0,1.6,31,0
2019-02-15 4:00,-0.3,0,2.3,36,0
2019-02-15 5:00,-1.4,0,1.8,71,0
2019-02-15 6:00,-2.1,0.3,2.1,83,0.3
2019-02-15 7:00,-2.8,0,2.3,84,0.8
2019-02-15 8:00,-2.8,0,0.5,86,1.5
2019-02-15 9:00,-2.1,1.1,1.1,85,2
2019-02-15 10:00,-1.2,0,0.6,81,2.4
2019-02-15 11:00,-0.5,0,1.5,78,1.8
2019-02-15 12:00,0.1,0.3,1.6,73,0.5
2019-02-15 13:00,0.3,0,2.6,75,0
2019-02-15 14:00,0.7,0,1.8,80,0
2019-02-15 15:00,0.6,0,1.9,76,0
2019-02-15 16:00,0.5,0,1.9,81,0
2019-02-15 17:00,0.4,0,1.9,88,0.2
2019-02-15 18:00,0.7,0.5,1.3,93,0.5
2019-02-15 19:00,0.7,0,2.8,79,0.4
2019-02-15 20:00,-0.2,0,3.4,72,0.4
2019-02-15 21:00,-0.7,0,3.2,71,0.4
2019-02-15 22:00,-1.2,0,2.7,75,0.4
2019-02-15 23:00,-1.9,0,2.3,73,0.4
2019-02-16 0:00,-2.3,0,2,70,0.4
2019-02-16 1:00,-2.5,0,3.3,68,0.4
2019-02-16 2:00,-2.9,0,2,69,0.5
2019-02-16 3:00,-3.2,0.2,2.1,73,0.6
2019-02-16 4:00,-3.5,0,1.9,72,0.7
2019-02-16 5:00,-3.7,0,1.7,67,0.6
2019-02-16 6:00,-4.3,0,1.5,70,0.6
2019-02-16 7:00,-4.8,0,2.8,72,0.6
2019-02-16 8:00,-5,0,1.9,73,0.4
2019-02-16 9:00,-5,0,3,67,0.4
2019-02-16 10:00,-4.1,0,2.5,62,0.4
2019-02-16 11:00,-2.9,0,3.3,57,0.3
2019-02-16 12:00,-1.7,0,2.9,53,0
2019-02-16 13:00,-0.9,0,3.2,51,0
2019-02-16 14:00,-0.1,0,3.6,44,0
2019-02-16 15:00,0.5,0,2.4,43,0
2019-02-16 16:00,1.5,0,2.6,38,0
2019-02-16 17:00,0.3,0,3.3,44,0
2019-02-16 18:00,-0.9,0,3,55,0
2019-02-16 19:00,-1.6,0,2.3,57,0
2019-02-16 20:00,-2,0,1.6,60,0
2019-02-16 21:00,-2.5,0,2.6,51,0
2019-02-16 22:00,-3.1,0,2.7,50,0
2019-02-16 23:00,-3.6,0,3,55,0
2019-02-17 0:00,-4.5,0,2.7,60,0
2019-02-17 1:00,-5.1,0,2.6,63,0
2019-02-17 2:00,-5.3,0,2,64,0
2019-02-17 3:00,-5.5,0,1.8,65,0
2019-02-17 4:00,-6.1,0,1.4,66,0
2019-02-17 5:00,-5.9,0,1.7,63,0
2019-02-17 6:00,-6.4,0,0.9,60,0
2019-02-17 7:00,-6.6,0,0.9,59,0
2019-02-17 8:00,-6.7,0,0.7,58,0
2019-02-17 9:00,-5.3,0,1,45,0
2019-02-17 10:00,-2.5,0,2.8,37,0
2019-02-17 11:00,-0.3,0,2.8,34,0
2019-02-17 12:00,0.6,0,2,32,0
2019-02-17 13:00,2.2,0,2.7,30,0
2019-02-17 14:00,3.4,0,2.3,25,0
2019-02-17 15:00,3.8,0,3.2,25,0
2019-02-17 16:00,4.4,0,2.3,24,0
2019-02-17 17:00,4,0,2.3,29,0
2019-02-17 18:00,1.7,0,1.8,37,0
2019-02-17 19:00,0.5,0,2.1,38,0
2019-02-17 20:00,-0.5,0,1.6,46,0
2019-02-17 21:00,-0.8,0,1.7,53,0
2019-02-17 22:00,-1.4,0,0.5,57,0
2019-02-17 23:00,-2,0,0.8,60,0
2019-02-18 0:00,-2.3,0,0.9,62,0
2019-02-18 1:00,-3,0,1.1,62,0
2019-02-18 2:00,-2.7,0,1.6,59,0
2019-02-18 3:00,-2.9,0,1.5,65,0
2019-02-18 4:00,-3.9,0,1.2,63,0
2019-02-18 5:00,-4.3,0,0.5,63,0
2019-02-18 6:00,-4.5,0,0.8,56,0
2019-02-18 7:00,-4.5,0,0.7,55,0
2019-02-18 8:00,-4.3,0,0.6,57,0
2019-02-18 9:00,-3,0,1.3,51,0
2019-02-18 10:00,-0.1,0,1.1,45,0
2019-02-18 11:00,1.3,0,1.3,36,0
2019-02-18 12:00,4,0,1.4,31,0
2019-02-18 13:00,5.3,0,1.4,29,0
2019-02-18 14:00,5.7,0,1.8,28,0
2019-02-18 15:00,5,0,1.8,28,0
2019-02-18 16:00,4.7,0,2,29,0
2019-02-18 17:00,4.2,0,1.7,33,0
2019-02-18 18:00,3.5,0,2.5,34,0
2019-02-18 19:00,3.2,0,2.2,34,0
2019-02-18 20:00,2.8,0,1.3,37,0
2019-02-18 21:00,2.6,0,1.8,40,0
2019-02-18 22:00,2.4,0,1.1,42,0
2019-02-18 23:00,2.2,0,1.5,44,0
2019-02-19 0:00,2.1,0,0.1,43,0
2019-02-19 1:00,2.3,0,0.3,37,0
2019-02-19 2:00,2.2,0,0.3,42,0
2019-02-19 3:00,2.2,0,1,54,0
2019-02-19 4:00,0.9,0,1.3,83,0.2
2019-02-19 5:00,0.3,0,0.9,89,0.4
2019-02-19 6:00,0.2,0.7,1,91,0.5
2019-02-19 7:00,0.3,0,0.9,87,0.5
2019-02-19 8:00,0.3,0,1.3,87,0.7
2019-02-19 9:00,0.4,0.7,1.2,91,1.3
2019-02-19 10:00,0.8,0,0.3,94,2.4
2019-02-19 11:00,1,0,2.5,94,3
2019-02-19 12:00,1.3,3.1,1.5,94,3.3
2019-02-19 13:00,1.8,0,1.5,89,2.7
2019-02-19 14:00,2.2,0,1.4,86,1.9
2019-02-19 15:00,2.4,0.1,3.7,83,1.5
2019-02-19 16:00,2.1,0,2.3,82,1.1
2019-02-19 17:00,2.8,0,2,77,0.4
2019-02-19 18:00,2.6,0,2.2,76,0.4
2019-02-19 19:00,2,0,2,80,0.4
2019-02-19 20:00,1.3,0,1.1,82,0.4
2019-02-19 21:00,1.2,0,2,82,0.4
2019-02-19 22:00,1.5,0,1.3,77,0.4
2019-02-19 23:00,1,0,0.5,78,0.4
2019-02-20 0:00,0.9,0,1.3,75,0.4
2019-02-20 1:00,1,0,1.1,75,0.4
2019-02-20 2:00,1.1,0,2.2,77,0.4
2019-02-20 3:00,0.9,0,2.8,78,0.4
2019-02-20 4:00,0.7,0,2.6,77,0.4
2019-02-20 5:00,0.6,0,1.9,73,0.4
2019-02-20 6:00,0.5,0,1.4,72,0.4
2019-02-20 7:00,0.5,0,1.8,69,0.4
2019-02-20 8:00,0.5,0,2,70,0.4
2019-02-20 9:00,0.8,0,0.8,70,0.4
2019-02-20 10:00,1.7,0,3,68,0.4
2019-02-20 11:00,2.1,0,2.6,68,0.4
2019-02-20 12:00,2.6,0,2.2,65,0.4
2019-02-20 13:00,4.2,0,2.7,54,0
2019-02-20 14:00,3.9,0,2.3,53,0
2019-02-20 15:00,4.1,0,2.2,50,0
2019-02-20 16:00,4.1,0,2.9,49,0
2019-02-20 17:00,4.3,0,3,51,0
2019-02-20 18:00,3.4,0,3.3,59,0
2019-02-20 19:00,2.7,0,2.5,63,0
2019-02-20 20:00,1.9,0,0.7,68,0
2019-02-20 21:00,1.3,0,2,71,0
2019-02-20 22:00,1,0,1.9,75,0
2019-02-20 23:00,0.8,0,1.1,75,0
2019-02-21 0:00,-0.1,0,1.9,77,0
2019-02-21 1:00,-0.6,0,1.5,74,0
2019-02-21 2:00,-0.9,0,1.3,74,0
2019-02-21 3:00,-1.4,0,1,78,0
2019-02-21 4:00,-1.6,0,1,75,0
2019-02-21 5:00,-2,0,1.1,78,0
2019-02-21 6:00,-2,0,0.8,76,0
2019-02-21 7:00,-2.5,0,0.9,75,0
2019-02-21 8:00,-2.3,0,0.3,74,0
2019-02-21 9:00,-1.2,0,1.1,67,0
2019-02-21 10:00,1,0,1.1,60,0
2019-02-21 11:00,2.7,0,0.8,53,0
2019-02-21 12:00,5.4,0,1.8,49,0
2019-02-21 13:00,7,0,2.2,41,0
2019-02-21 14:00,7.7,0,2.5,39,0
2019-02-21 15:00,8.4,0,1.9,34,0
2019-02-21 16:00,8.2,0,1.5,34,0
2019-02-21 17:00,7.9,0,2.4,36,0
2019-02-21 18:00,6.3,0,2.4,41,0
2019-02-21 19:00,4.3,0,2.4,55,0
2019-02-21 20:00,3.1,0,1.6,59,0
2019-02-21 21:00,2.5,0,1.7,61,0
2019-02-21 22:00,1.6,0,0.7,65,0
2019-02-21 23:00,1.1,0,1.7,69,0
2019-02-22 0:00,0.8,0,1.8,69,0
2019-02-22 1:00,0.1,0,0.7,71,0
2019-02-22 2:00,-0.3,0,1,73,0
2019-02-22 3:00,-0.7,0,1.3,75,0
2019-02-22 4:00,-0.7,0,0.6,73,0
2019-02-22 5:00,-1.2,0,0.8,74,0
2019-02-22 6:00,-1.5,0,0.9,77,0
2019-02-22 7:00,-1.5,0,0.5,77,0
2019-02-22 8:00,-1.2,0,0.4,75,0
2019-02-22 9:00,-0.1,0,0.8,67,0
2019-02-22 10:00,2.5,0,1.3,58,0
2019-02-22 11:00,4.9,0,0.9,46,0
2019-02-22 12:00,7.7,0,1.7,44,0
2019-02-22 13:00,8.6,0,2.9,37,0
2019-02-22 14:00,9.9,0,1.9,31,0
2019-02-22 15:00,10.2,0,3,29,0
2019-02-22 16:00,10.5,0,2.2,29,0
2019-02-22 17:00,10.1,0,2.6,30,0
2019-02-22 18:00,8.4,0,2.8,39,0
2019-02-22 19:00,6.6,0,1.7,48,0
2019-02-22 20:00,5.1,0,1.8,53,0
2019-02-22 21:00,4.4,0,1.3,55,0
2019-02-22 22:00,4.1,0,1.9,57,0
2019-02-22 23:00,3.8,0,1.1,60,0
2019-02-23 0:00,3.2,0,1.1,63,0
2019-02-23 1:00,2.8,0,0.5,66,0
2019-02-23 2:00,2.6,0,0.5,63,0
2019-02-23 3:00,2.3,0,0.3,65,0
2019-02-23 4:00,1.8,0,0.5,67,0
2019-02-23 5:00,1.4,0,0.6,69,0
2019-02-23 6:00,0.8,0,0.6,71,0
2019-02-23 7:00,0.5,0,1,70,0
2019-02-23 8:00,0.6,0,1.2,68,0
2019-02-23 9:00,2,0,0.4,57,0
2019-02-23 10:00,5.8,0,1.4,34,0
2019-02-23 11:00,9.1,0,2.3,25,0
2019-02-23 12:00,10.7,0,2.5,23,0
2019-02-23 13:00,12.5,0,2,22,0
2019-02-23 14:00,13.2,0,1.5,20,0
2019-02-23 15:00,13.8,0,1.7,17,0
2019-02-23 16:00,14.1,0,1.5,16,0
2019-02-23 17:00,13.9,0,1,17,0
2019-02-23 18:00,12.2,0,1.2,18,0
2019-02-23 19:00,9.9,0,1.1,25,0
2019-02-23 20:00,8.3,0,1.7,39,0
2019-02-23 21:00,7.1,0,1.1,39,0
2019-02-23 22:00,6.4,0,0.2,35,0
2019-02-23 23:00,5.5,0,0.8,36,0
2019-02-24 0:00,5.1,0,0.6,38,0
2019-02-24 1:00,4.2,0,0.4,36,0
2019-02-24 2:00,3.7,0,1.2,39,0
2019-02-24 3:00,3.4,0,0.3,44,0
2019-02-24 4:00,2.7,0,1.3,49,0
2019-02-24 5:00,1.9,0,0.7,50,0
2019-02-24 6:00,1.5,0,1.4,54,0
2019-02-24 7:00,1.3,0,0.7,55,0
2019-02-24 8:00,1.3,0,1.1,57,0
2019-02-24 9:00,2.8,0,1.1,47,0
2019-02-24 10:00,6.1,0,0.7,40,0
2019-02-24 11:00,9.3,0,2.1,37,0
2019-02-24 12:00,10.7,0,3.1,30,0
2019-02-24 13:00,12,0,3,26,0
2019-02-24 14:00,13,0,2.3,25,0
2019-02-24 15:00,13.7,0,3,22,0
2019-02-24 16:00,12.3,0,3,26,0
2019-02-24 17:00,11.8,0,2.7,25,0
2019-02-24 18:00,9.7,0,2.3,33,0
2019-02-24 19:00,7.5,0,2.8,41,0
2019-02-24 20:00,6.1,0,2.1,47,0
2019-02-24 21:00,5.1,0,2.4,53,0
2019-02-24 22:00,4.3,0,2.3,62,0
2019-02-24 23:00,3.8,0,1.4,73,0
2019-02-25 0:00,3.4,0,1.4,77,0
2019-02-25 1:00,3.1,0,1.9,85,0
2019-02-25 2:00,2.8,0,1.8,88,0
2019-02-25 3:00,2.8,0,1.7,87,0
2019-02-25 4:00,2.4,0,1.6,87,0
2019-02-25 5:00,2,0,0.7,87,0
2019-02-25 6:00,1.8,0,0.7,84,0
2019-02-25 7:00,1.5,0,1.8,85,0
2019-02-25 8:00,1.5,0,2.4,87,0
2019-02-25 9:00,1.7,0,2.1,85,0
2019-02-25 10:00,2.5,0,1.4,78,0
2019-02-25 11:00,4.5,0,2.7,65,0
2019-02-25 12:00,6.2,0,2.5,48,0
2019-02-25 13:00,7.6,0,3,42,0
2019-02-25 14:00,8.4,0,3.4,41,0
2019-02-25 15:00,9.6,0,3.8,28,0
2019-02-25 16:00,10,0,2.4,32,0
2019-02-25 17:00,9.8,0,2.4,32,0
2019-02-25 18:00,8.2,0,3.4,30,0
2019-02-25 19:00,6.9,0,3,35,0
2019-02-25 20:00,5.8,0,2.3,44,0
2019-02-25 21:00,5.1,0,2.7,46,0
2019-02-25 22:00,4.2,0,2.8,32,0
2019-02-25 23:00,3.1,0,2.7,36,0
2019-02-26 0:00,2.3,0,2.6,38,0
2019-02-26 1:00,1.3,0,1.2,42,0
2019-02-26 2:00,0.5,0,1.1,45,0
2019-02-26 3:00,0.3,0,2,44,0
2019-02-26 4:00,-0.1,0,1.6,42,0
2019-02-26 5:00,-0.7,0,0.6,47,0
2019-02-26 6:00,-1,0,1.4,44,0
2019-02-26 7:00,-1.5,0,1.4,49,0
2019-02-26 8:00,-1.1,0,1.5,50,0
2019-02-26 9:00,0.5,0,1,37,0
2019-02-26 10:00,4.2,0,1.1,29,0
2019-02-26 11:00,7,0,1.5,27,0
2019-02-26 12:00,8.3,0,1.5,21,0
2019-02-26 13:00,9.4,0,2.7,23,0
2019-02-26 14:00,10.4,0,2.3,18,0
2019-02-26 15:00,11.6,0,2.4,16,0
2019-02-26 16:00,11.4,0,2.2,18,0
2019-02-26 17:00,10.8,0,1.6,22,0
2019-02-26 18:00,8.8,0,2.8,24,0
2019-02-26 19:00,7.4,0,1.3,33,0
2019-02-26 20:00,7,0,1.6,33,0
2019-02-26 21:00,6.7,0,0.4,37,0
2019-02-26 22:00,6.4,0,0.6,36,0
2019-02-26 23:00,6.2,0,0.9,36,0
2019-02-27 0:00,6.1,0,0.7,39,0
2019-02-27 1:00,5.6,0,1.1,40,0
2019-02-27 2:00,5.4,0,0.3,39,0
2019-02-27 3:00,5.4,0,1.1,36,0
2019-02-27 4:00,5.2,0,0.6,35,0
2019-02-27 5:00,5.1,0,0.5,35,0
2019-02-27 6:00,5.2,0,0.9,33,0
2019-02-27 7:00,5.3,0,1.1,35,0
2019-02-27 8:00,4.7,0,1.3,39,0
2019-02-27 9:00,6.2,0,0.6,33,0
2019-02-27 10:00,9.1,0,1.9,38,0
2019-02-27 11:00,11.1,0,2,35,0
2019-02-27 12:00,11.6,0,1.4,32,0
2019-02-27 13:00,12.6,0,2.1,30,0
2019-02-27 14:00,14,0,1.7,26,0
2019-02-27 15:00,12.7,0,3.2,26,0
2019-02-27 16:00,13,0,2.6,26,0
2019-02-27 17:00,11.2,0,2.9,22,0
2019-02-27 18:00,9.7,0,1.9,23,0
2019-02-27 19:00,8.6,0,2.1,32,0
2019-02-27 20:00,7.3,0,2.7,33,0
2019-02-27 21:00,6.7,0,1.6,34,0
2019-02-27 22:00,6,0,1.7,34,0
2019-02-27 23:00,5.3,0,1.5,34,0
2019-02-28 0:00,4.9,0,0.8,33,0
2019-02-28 1:00,4.6,0,0.4,35,0
2019-02-28 2:00,3.7,0,1.9,43,0
2019-02-28 3:00,3.2,0,2.2,45,0
2019-02-28 4:00,2.9,0,1.2,46,0
2019-02-28 5:00,2.5,0,1,47,0
2019-02-28 6:00,2.1,0,1.1,49,0
2019-02-28 7:00,2,0,0.2,50,0
2019-02-28 8:00,2.4,0,0.4,47,0
2019-02-28 9:00,3.6,0,0.4,45,0
2019-02-28 10:00,6.2,0,0.9,39,0
2019-02-28 11:00,8.9,0,1.6,35,0
2019-02-28 12:00,10.4,0,1.3,29,0
2019-02-28 13:00,11.9,0,1.6,27,0
2019-02-28 14:00,12.2,0,3.4,27,0
2019-02-28 15:00,12.7,0,3.1,27,0
2019-02-28 16:00,12.4,0,3.4,26,0
2019-02-28 17:00,11.2,0,3.3,31,0
2019-02-28 18:00,9.6,0,3.1,36,0
2019-02-28 19:00,8.3,0,2.1,42,0
2019-02-28 20:00,6.6,0,3,38,0
2019-02-28 21:00,6.3,0,2.9,37,0
2019-02-28 22:00,6,0,2.7,42,0
2019-02-28 23:00,5.6,0,2.6,44,0
2019-03-01 0:00,4.6,0,2.1,48,0
2019-03-01 1:00,4,0,2.2,52,0
2019-03-01 2:00,3.4,0,0.6,54,0
2019-03-01 3:00,2.9,0,1.8,58,0
2019-03-01 4:00,2.4,0,1.7,58,0
2019-03-01 5:00,1.9,0,1.9,58,0
2019-03-01 6:00,1.6,0,2,57,0
2019-03-01 7:00,1.4,0,0.5,54,0
2019-03-01 8:00,1.5,0,0.6,55,0
2019-03-01 9:00,3.4,0,0.5,48,0
2019-03-01 10:00,6.7,0,1.1,44,0
2019-03-01 11:00,9.3,0,2.3,37,0
2019-03-01 12:00,10.8,0,1.3,30,0
2019-03-01 13:00,12,0,2.2,27,0
2019-03-01 14:00,12.5,0,3,26,0
2019-03-01 15:00,12.9,0,3.4,24,0
2019-03-01 16:00,12.5,0,3.4,29,0
2019-03-01 17:00,11.6,0,3.1,29,0
2019-03-01 18:00,10.1,0,2.3,31,0
2019-03-01 19:00,8.4,0,4,34,0
2019-03-01 20:00,7.3,0,2.4,39,0
2019-03-01 21:00,6.4,0,2.7,44,0
2019-03-01 22:00,7,0,2.8,35,0
2019-03-01 23:00,5.8,0,0.7,41,0
2019-03-02 0:00,4.8,0,0.6,46,0
2019-03-02 1:00,4.2,0,0.4,47,0
2019-03-02 2:00,3.6,0,1.6,51,0
2019-03-02 3:00,3.5,0,1.1,55,0
2019-03-02 4:00,2.6,0,0.6,59,0
2019-03-02 5:00,2.1,0,0.5,61,0
2019-03-02 6:00,1.8,0,0.3,58,0
2019-03-02 7:00,1.6,0,0.2,60,0
2019-03-02 8:00,1.6,0,1,58,0
2019-03-02 9:00,3.5,0,0.9,48,0
2019-03-02 10:00,6.8,0,1.2,39,0
2019-03-02 11:00,9.6,0,1,31,0
2019-03-02 12:00,11.7,0,1.3,26,0
2019-03-02 13:00,13.2,0,1.2,23,0
2019-03-02 14:00,14.2,0,0.8,21,0
2019-03-02 15:00,14.6,0,0.9,21,0
2019-03-02 16:00,14.3,0,1.1,21,0
2019-03-02 17:00,13.3,0,0.8,23,0
2019-03-02 18:00,12,0,3.1,28,0
2019-03-02 19:00,10.5,0,2.4,32,0
2019-03-02 20:00,9.6,0,1.2,33,0
2019-03-02 21:00,8.9,0,0.8,30,0
2019-03-02 22:00,8.1,0,1.1,30,0
2019-03-02 23:00,7.2,0,1.5,35,0
2019-03-03 0:00,6.7,0,1,35,0
2019-03-03 1:00,5.9,0,0.9,38,0
2019-03-03 2:00,5.1,0,0.6,42,0
2019-03-03 3:00,5,0,0.7,42,0
2019-03-03 4:00,4.9,0,0.6,43,0
2019-03-03 5:00,4,0,0.6,48,0
2019-03-03 6:00,3.5,0,0.5,49,0
2019-03-03 7:00,2.9,0,1.1,52,0
2019-03-03 8:00,2.6,0,1.1,50,0
2019-03-03 9:00,4.5,0,0.6,37,0
2019-03-03 10:00,8.2,0,0.9,30,0
2019-03-03 11:00,11.5,0,0.7,23,0
2019-03-03 12:00,14,0,2.1,21,0
2019-03-03 13:00,15.3,0,2.5,17,0
2019-03-03 14:00,15.2,0,2.1,16,0
2019-03-03 15:00,15.7,0,2.9,18,0
2019-03-03 16:00,14.9,0,2.3,21,0
2019-03-03 17:00,14,0,1.6,24,0
2019-03-03 18:00,13,0,2.4,30,0
2019-03-03 19:00,11.9,0,3.2,34,0
2019-03-03 20:00,11.3,0,2.5,37,0
2019-03-03 21:00,10.6,0,2.2,44,0
2019-03-03 22:00,10.1,0,1.4,44,0
2019-03-03 23:00,9.4,0,2,47,0
2019-03-04 0:00,8.8,0,1.7,50,0
2019-03-04 1:00,8,0,1.1,53,0
2019-03-04 2:00,7.6,0,1.3,54,0
2019-03-04 3:00,7.5,0,1.2,55,0
2019-03-04 4:00,7,0,1.6,57,0
2019-03-04 5:00,6.5,0,1.2,59,0
2019-03-04 6:00,6,0,0.8,60,0
2019-03-04 7:00,5.2,0,1.1,63,0
2019-03-04 8:00,5.5,0,0.5,59,0
2019-03-04 9:00,6.8,0,1.2,43,0
2019-03-04 10:00,9.9,0,0.8,33,0
2019-03-04 11:00,11.9,0,0.9,29,0
2019-03-04 12:00,14.2,0,1.8,28,0
2019-03-04 13:00,15.3,0,2.1,24,0
2019-03-04 14:00,15.4,0,2.9,25,0
2019-03-04 15:00,16.1,0,2.3,20,0
2019-03-04 16:00,15.7,0,3,24,0
2019-03-04 17:00,14.4,0,4.7,26,0
2019-03-04 18:00,12.7,0,3,36,0
2019-03-04 19:00,10.9,0,2.2,39,0
2019-03-04 20:00,10,0,2.3,48,0
2019-03-04 21:00,9.2,0,2.2,52,0
2019-03-04 22:00,8.3,0,1.7,60,0
2019-03-04 23:00,7.3,0,2.4,69,0
2019-03-05 0:00,6.5,0,2,75,0
2019-03-05 1:00,5.9,0,2.3,80,0
2019-03-05 2:00,5.7,0,2.5,80,0
2019-03-05 3:00,5.6,0,1.9,80,0
2019-03-05 4:00,5.7,0,2,81,0
2019-03-05 5:00,5.9,0,2.6,80,0
2019-03-05 6:00,5.9,0,2,80,0
2019-03-05 7:00,5.7,0,0.8,79,0
2019-03-05 8:00,6.2,0,2,76,0
2019-03-05 9:00,6.6,0,1.2,76,0
2019-03-05 10:00,7.5,0,1.5,71,0
2019-03-05 11:00,8.6,0,1,64,0
2019-03-05 12:00,10.8,0,1.7,54,0
2019-03-05 13:00,12,0,1.8,49,0
2019-03-05 14:00,12.8,0,2.2,43,0
2019-03-05 15:00,12.7,0,2.2,44,0
2019-03-05 16:00,12.4,0,2.5,45,0
2019-03-05 17:00,11.1,0,3.5,52,0
2019-03-05 18:00,9.7,0,2.1,64,0
2019-03-05 19:00,8.8,0,1.5,58,0
2019-03-05 20:00,8.3,0,1.7,63,0
2019-03-05 21:00,7.9,0,1.7,66,0
2019-03-05 22:00,7.9,0,1.7,66,0
2019-03-05 23:00,7.7,0,1.7,68,0
2019-03-06 0:00,7.6,0,0.9,66,0
2019-03-06 1:00,7.5,0,0.6,62,0
2019-03-06 2:00,7.1,0,0.5,56,0
2019-03-06 3:00,7,0,0.6,51,0
2019-03-06 4:00,7.1,0,0.9,50,0
2019-03-06 5:00,6.8,0,1.1,54,0
2019-03-06 6:00,6.6,0,1.3,55,0
2019-03-06 7:00,6,0,0.8,59,0
2019-03-06 8:00,5.7,0,0.6,61,0
2019-03-06 9:00,7,0,1.4,52,0
2019-03-06 10:00,8.4,0,2.5,56,0
2019-03-06 11:00,9.1,0,1.8,55,0
2019-03-06 12:00,10.5,0,2.9,50,0
2019-03-06 13:00,10.7,0,2.6,51,0
2019-03-06 14:00,9.9,0,2.3,57,0
2019-03-06 15:00,11.5,0,2.5,48,0
2019-03-06 16:00,12.3,0,3.3,43,0
2019-03-06 17:00,12,0,3.2,46,0
2019-03-06 18:00,10.6,0,2.7,52,0
2019-03-06 19:00,9.5,0,2.1,59,0
2019-03-06 20:00,8.5,0,1.4,63,0
2019-03-06 21:00,7.8,0,2.8,66,0
2019-03-06 22:00,7.4,0,3.8,67,0
2019-03-06 23:00,6.7,0,2.9,67,0
2019-03-07 0:00,6.3,0,2.7,66,0
2019-03-07 1:00,5.5,0,1.6,68,0
2019-03-07 2:00,5.3,0,0.5,70,0
2019-03-07 3:00,4.7,0,0.2,70,0
2019-03-07 4:00,4.2,0,1.2,72,0
2019-03-07 5:00,3.7,0,0.9,72,0
2019-03-07 6:00,3.5,0,1.8,74,0
2019-03-07 7:00,3.4,0,1.4,75,0
2019-03-07 8:00,3.5,0,1.5,74,0
2019-03-07 9:00,5,0,1.4,64,0
2019-03-07 10:00,8,0,1.3,51,0
2019-03-07 11:00,8.9,0,2.2,49,0
2019-03-07 12:00,10.3,0,3.1,41,0
2019-03-07 13:00,11.5,0,3.4,36,0
2019-03-07 14:00,11.7,0,3.8,35,0
2019-03-07 15:00,12.7,0,3.2,32,0
2019-03-07 16:00,12.5,0,3,27,0
2019-03-07 17:00,11.7,0,3.7,40,0
2019-03-07 18:00,9.7,0,3.8,40,0
2019-03-07 19:00,8.1,0,3.3,39,0
2019-03-07 20:00,7.2,0,4.3,42,0
2019-03-07 21:00,6.4,0,3,46,0
2019-03-07 22:00,5.8,0,1.2,39,0
2019-03-07 23:00,5.1,0,2.1,39,0
2019-03-08 0:00,4,0,1.4,42,0
2019-03-08 1:00,3.3,0,2.3,44,0
2019-03-08 2:00,2.9,0,1.7,44,0
2019-03-08 3:00,2.6,0,1.7,40,0
2019-03-08 4:00,2,0,1,43,0
2019-03-08 5:00,1.3,0,0.7,45,0
2019-03-08 6:00,1.1,0,0.5,47,0
2019-03-08 7:00,0.7,0,0.6,53,0
2019-03-08 8:00,1.1,0,1.2,58,0
2019-03-08 9:00,3.5,0,1.5,54,0
2019-03-08 10:00,6.5,0,1.9,39,0
2019-03-08 11:00,9.1,0,2.1,32,0
2019-03-08 12:00,10.7,0,2.5,28,0
2019-03-08 13:00,11.9,0,4.1,25,0
2019-03-08 14:00,13.1,0,1.8,21,0
2019-03-08 15:00,12.8,0,3.4,22,0
2019-03-08 16:00,12.1,0,3.2,19,0
2019-03-08 17:00,11.3,0,4.1,19,0
2019-03-08 18:00,9.9,0,2.7,34,0
2019-03-08 19:00,7.7,0,2.5,30,0
2019-03-08 20:00,6.2,0,2.1,35,0
2019-03-08 21:00,5.2,0,2.4,42,0
2019-03-08 22:00,4.1,0,1.1,45,0
2019-03-08 23:00,3.4,0,1.4,42,0
2019-03-09 0:00,2.6,0,1.3,48,0
2019-03-09 1:00,2.2,0,1.5,50,0
2019-03-09 2:00,1.9,0,2.1,48,0
2019-03-09 3:00,1.2,0,0.6,60,0
2019-03-09 4:00,0.8,0,0.9,56,0
2019-03-09 5:00,0.3,0,0.7,44,0
2019-03-09 6:00,0,0,1.2,50,0
2019-03-09 7:00,-0.3,0,0.9,47,0
2019-03-09 8:00,0.3,0,1.1,44,0
2019-03-09 9:00,3.3,0,1.4,38,0
2019-03-09 10:00,5.7,0,1.1,31,0
2019-03-09 11:00,8.2,0,1,28,0
2019-03-09 12:00,10.8,0,1.6,22,0
2019-03-09 13:00,11.8,0,2.5,20,0
2019-03-09 14:00,12.2,0,2.5,17,0
2019-03-09 15:00,14,0,1.4,15,0
2019-03-09 16:00,14.3,0,2.8,13,0
2019-03-09 17:00,14.2,0,2.6,10,0
2019-03-09 18:00,12.1,0,2.9,13,0
2019-03-09 19:00,10.4,0,0.5,20,0
2019-03-09 20:00,9.8,0,1.4,27,0
2019-03-09 21:00,8.9,0,2.1,29,0
2019-03-09 22:00,8,0,0.7,30,0
2019-03-09 23:00,7.5,0,0.3,29,0
2019-03-10 0:00,7.3,0,0.4,27,0
2019-03-10 1:00,7.2,0,1.1,27,0
2019-03-10 2:00,6.9,0,0.4,25,0
2019-03-10 3:00,7,0,0.5,27,0
2019-03-10 4:00,6.8,0,0.9,28,0
2019-03-10 5:00,6.9,0,1.1,27,0
2019-03-10 6:00,7,0,0.9,26,0
2019-03-10 7:00,6.9,0,1,26,0
2019-03-10 8:00,6.8,0,0.8,26,0
2019-03-10 9:00,8.2,0,0.8,22,0
2019-03-10 10:00,9.6,0,1,20,0
2019-03-10 11:00,11.1,0,1,15,0
2019-03-10 12:00,12.7,0,2,13,0
2019-03-10 13:00,14,0,1.8,12,0
2019-03-10 14:00,15.2,0,1.5,13,0
2019-03-10 15:00,15.1,0,1.2,14,0
2019-03-10 16:00,15.1,0,1.1,14,0
2019-03-10 17:00,14.5,0,1.3,16,0
2019-03-10 18:00,14,0,1.6,20,0
2019-03-10 19:00,12.9,0,2.4,32,0
2019-03-10 20:00,11,0,1.3,38,0
2019-03-10 21:00,9.8,0,1.3,41,0
2019-03-10 22:00,8.6,0,1.2,44,0
2019-03-10 23:00,7.7,0,1.5,48,0
2019-03-11 0:00,7.1,0,0.2,48,0
2019-03-11 1:00,6.2,0,0.7,52,0
2019-03-11 2:00,5.5,0,0.7,55,0
2019-03-11 3:00,5.2,0,0.6,57,0
2019-03-11 4:00,4.7,0,0.4,58,0
2019-03-11 5:00,4.2,0,0.3,59,0
2019-03-11 6:00,3.9,0,0.4,62,0
2019-03-11 7:00,3.6,0,1.1,63,0
2019-03-11 8:00,3.6,0,0.2,60,0
2019-03-11 9:00,5.7,0,1,54,0
2019-03-11 10:00,7.8,0,2.1,51,0
2019-03-11 11:00,8.6,0,3,47,0
2019-03-11 12:00,9.3,0,2.3,47,0
2019-03-11 13:00,9.3,0,2.5,41,0
2019-03-11 14:00,9.8,0,2.3,44,0
2019-03-11 15:00,9.8,0,2.3,43,0
2019-03-11 16:00,8.9,0,3,52,0
2019-03-11 17:00,8.1,0,3.2,62,0
2019-03-11 18:00,7.8,0,2.8,68,0
2019-03-11 19:00,7.1,0,3.1,75,0
2019-03-11 20:00,6.6,0,2.2,77,0
2019-03-11 21:00,6.4,0,3.4,74,0
2019-03-11 22:00,6.1,0,2.4,72,0
2019-03-11 23:00,5.2,0,1.8,77,0
2019-03-12 0:00,4.5,0,2.3,83,0
2019-03-12 1:00,4,0,1.7,86,0
2019-03-12 2:00,3.7,0,1.3,86,0
2019-03-12 3:00,3.6,0,2.2,82,0
2019-03-12 4:00,4,0,2.1,85,0
2019-03-12 5:00,4.3,0,2.5,82,0
2019-03-12 6:00,4.3,0,1.7,77,0
2019-03-12 7:00,4.3,0,1.3,76,0
2019-03-12 8:00,4.9,0,2.2,78,0
2019-03-12 9:00,5,0,2.7,82,0
2019-03-12 10:00,5.6,0,1.5,79,0
2019-03-12 11:00,6.1,0,2.8,79,0
2019-03-12 12:00,5.8,0,1.9,83,0
2019-03-12 13:00,7.6,0,3.1,46,0
2019-03-12 14:00,7.2,0,3.6,46,0
2019-03-12 15:00,5.8,0,4.1,32,0
2019-03-12 16:00,5.4,0,3.8,23,0
2019-03-12 17:00,5.4,0,3.7,23,0
2019-03-12 18:00,5.3,0,3,23,0
2019-03-12 19:00,3.7,0,4.5,29,0
2019-03-12 20:00,2.5,0,4.9,29,0
2019-03-12 21:00,1.4,0,3.9,27,0
2019-03-12 22:00,0.7,0,2.5,30,0
2019-03-12 23:00,0.2,0,2.9,30,0
2019-03-13 0:00,-0.3,0,1.3,35,0
2019-03-13 1:00,-0.3,0,2,37,0
2019-03-13 2:00,-0.1,0,2.6,35,0
2019-03-13 3:00,-0.3,0,1.7,37,0
2019-03-13 4:00,-0.2,0,1.6,41,0
2019-03-13 5:00,0.1,0,1.5,44,0
2019-03-13 6:00,0.1,0,2.3,46,0
2019-03-13 7:00,0.1,0,2.2,51,0
2019-03-13 8:00,1.3,0,3.4,52,0
2019-03-13 9:00,3.1,0,3.1,53,0
2019-03-13 10:00,4,0,3.9,40,0
2019-03-13 11:00,5.8,0,5.6,27,0
2019-03-13 12:00,6.7,0,3.9,23,0
2019-03-13 13:00,7.5,0,5,20,0
2019-03-13 14:00,6.9,0,7,15,0
2019-03-13 15:00,8.3,0,3.6,20,0
2019-03-13 16:00,8.2,0,3.8,23,0
2019-03-13 17:00,7.2,0,4.5,25,0
2019-03-13 18:00,5.8,0,4.1,30,0
2019-03-13 19:00,4.1,0,3.5,37,0
2019-03-13 20:00,3.3,0,3,43,0
2019-03-13 21:00,2.8,0,2.4,50,0
2019-03-13 22:00,2.4,0,3.5,53,0
2019-03-13 23:00,2,0,2.2,52,0
2019-03-14 0:00,1.3,0,2.7,49,0
2019-03-14 1:00,0.8,0,2.2,49,0
2019-03-14 2:00,-0.2,0,1.2,51,0
2019-03-14 3:00,-0.4,0,1.7,49,0
2019-03-14 4:00,-1,0,0.9,52,0
2019-03-14 5:00,-1.4,0,0.6,55,0
2019-03-14 6:00,-1.7,0,1.2,55,0
2019-03-14 7:00,-1.4,0,0.6,58,0
2019-03-14 8:00,-0.7,0,1,50,0
2019-03-14 9:00,1.8,0,1.3,47,0
2019-03-14 10:00,5,0,1.8,42,0
2019-03-14 11:00,6.7,0,2.5,31,0
2019-03-14 12:00,7.8,0,2.8,29,0
2019-03-14 13:00,9.3,0,2.1,21,0
2019-03-14 14:00,9.6,0,2.9,21,0
2019-03-14 15:00,9.2,0,2.3,21,0
2019-03-14 16:00,9.2,0,2.1,26,0
2019-03-14 17:00,8.8,0,2,31,0
2019-03-14 18:00,8.3,0,1.5,31,0
2019-03-14 19:00,8.1,0,1.2,30,0
2019-03-14 20:00,8.3,0,3.5,35,0
2019-03-14 21:00,8,0,2.5,53,0
2019-03-14 22:00,7.4,0,2.9,66,0
2019-03-14 23:00,7.3,0,2.1,71,0
2019-03-15 0:00,6.8,0,1.9,77,0
2019-03-15 1:00,6.1,0,1.8,81,0
2019-03-15 2:00,5.8,0,0.9,82,0
2019-03-15 3:00,5.7,0,2.2,83,0
2019-03-15 4:00,5,0,1.3,84,0
2019-03-15 5:00,5,0,1.3,83,0
2019-03-15 6:00,4.7,0,1.3,79,0
2019-03-15 7:00,4.3,0,0.4,82,0
2019-03-15 8:00,4.4,0,0.7,80,0
2019-03-15 9:00,5.6,0,0.6,73,0
2019-03-15 10:00,7.8,0,1.3,60,0
2019-03-15 11:00,8.6,0,1.5,51,0
2019-03-15 12:00,9.2,0,1.5,49,0
2019-03-15 13:00,9.5,0,2.8,30,0
2019-03-15 14:00,9.2,0,2.1,28,0
2019-03-15 15:00,10.9,0,2.1,26,0
2019-03-15 16:00,10.8,0,1.4,28,0
2019-03-15 17:00,5.8,0,4,69,0
2019-03-15 18:00,3.7,1.8,1.6,87,0
2019-03-15 19:00,2.8,0,1.2,92,0
2019-03-15 20:00,2.8,0,0.6,93,0
2019-03-15 21:00,2.5,1.7,1.1,93,0
2019-03-15 22:00,2.5,0,0.7,88,0
2019-03-15 23:00,2.3,0,2.4,86,0
2019-03-16 0:00,1.6,0,1.9,92,0
2019-03-16 1:00,1.3,0,1.9,93,0
2019-03-16 2:00,1.6,0,1.8,92,0
2019-03-16 3:00,1.2,0,0.6,91,0
2019-03-16 4:00,0.7,0,0.3,93,0
2019-03-16 5:00,0.5,0,0.7,94,0
2019-03-16 6:00,0.3,0,0.3,95,0
2019-03-16 7:00,0.6,0,0.5,95,0
2019-03-16 8:00,1.5,0,0.9,88,0
2019-03-16 9:00,2.6,0,1.6,79,0
2019-03-16 10:00,3.5,0,1.7,76,0
2019-03-16 11:00,4.9,0,0.8,69,0
2019-03-16 12:00,7.2,0,2.5,57,0
2019-03-16 13:00,7.8,0,2.7,48,0
2019-03-16 14:00,8.6,0,3.4,42,0
2019-03-16 15:00,7.8,0,4.5,50,0
2019-03-16 16:00,7.6,0,3.5,45,0
2019-03-16 17:00,7.4,0,3.6,47,0
2019-03-16 18:00,6.7,0,3.1,50,0
2019-03-16 19:00,6,0,2.5,59,0
2019-03-16 20:00,5.5,0,2.5,61,0
2019-03-16 21:00,5.1,0,1.9,64,0
2019-03-16 22:00,4.6,0,1.8,66,0
2019-03-16 23:00,4,0,1,70,0
2019-03-17 0:00,3.4,0,0.7,73,0
2019-03-17 1:00,3.4,0,0.7,73,0
2019-03-17 2:00,3.5,0,0.5,74,0
2019-03-17 3:00,3,0,0.9,78,0
2019-03-17 4:00,3.1,0,1.7,80,0
2019-03-17 5:00,2.7,0,0.4,83,0
2019-03-17 6:00,2.8,0,1.3,82,0
2019-03-17 7:00,2.8,0,0.9,83,0
2019-03-17 8:00,3.4,0,1.2,81,0
2019-03-17 9:00,4.5,0,2.5,76,0
2019-03-17 10:00,5.7,0,2.5,69,0
2019-03-17 11:00,8,0,2.6,50,0
2019-03-17 12:00,8.5,0,2.9,37,0
2019-03-17 13:00,9.9,0,4,30,0
2019-03-17 14:00,11.2,0,2.9,24,0
2019-03-17 15:00,11.7,0,4.3,26,0
2019-03-17 16:00,12,0,2.7,28,0
2019-03-17 17:00,11.6,0,2.3,32,0
2019-03-17 18:00,9.9,0,3.4,37,0
2019-03-17 19:00,8.1,0,2.9,40,0
2019-03-17 20:00,7,0,2.2,44,0
2019-03-17 21:00,6,0,1.8,48,0
2019-03-17 22:00,5.2,0,2.1,52,0
2019-03-17 23:00,4.7,0,1.3,56,0
2019-03-18 0:00,4,0,0.7,59,0
2019-03-18 1:00,3.6,0,1.3,59,0
2019-03-18 2:00,3,0,1.5,62,0
2019-03-18 3:00,2.4,0,0.9,68,0
2019-03-18 4:00,2.3,0,0.4,71,0
2019-03-18 5:00,2,0,0.7,72,0
2019-03-18 6:00,1.7,0,0.6,74,0
2019-03-18 7:00,1.4,0,0.9,77,0
2019-03-18 8:00,2.1,0,1.1,66,0
2019-03-18 9:00,4.3,0,1.3,56,0
2019-03-18 10:00,7.5,0,1.5,40,0
2019-03-18 11:00,9.5,0,0.9,32,0
2019-03-18 12:00,11.8,0,1.5,26,0
2019-03-18 13:00,13.1,0,2.4,24,0
2019-03-18 14:00,13.5,0,2,21,0
2019-03-18 15:00,14.1,0,2.6,24,0
2019-03-18 16:00,12.9,0,2.4,25,0
2019-03-18 17:00,10.9,0,3.4,29,0
2019-03-18 18:00,9.6,0,2.2,29,0
2019-03-18 19:00,8.5,0,1.3,30,0
2019-03-18 20:00,7.8,0,0.9,33,0
2019-03-18 21:00,7,0,0.9,34,0
2019-03-18 22:00,6.7,0,0.4,37,0
2019-03-18 23:00,6.3,0,0.8,39,0
2019-03-19 0:00,5.8,0,1,39,0
2019-03-19 1:00,5.4,0,0.6,40,0
2019-03-19 2:00,5.1,0,0.5,40,0
2019-03-19 3:00,4.8,0,0.6,46,0
2019-03-19 4:00,4.5,0,0.7,47,0
2019-03-19 5:00,4.2,0,0.4,47,0
2019-03-19 6:00,3.8,0,1.2,50,0
2019-03-19 7:00,3.5,0,1.1,51,0
2019-03-19 8:00,4.2,0,1.3,48,0
2019-03-19 9:00,6.7,0,1.4,41,0
2019-03-19 10:00,9.6,0,1,32,0
2019-03-19 11:00,12.3,0,1.2,22,0
2019-03-19 12:00,13.6,0,1.9,24,0
2019-03-19 13:00,14.7,0,1.6,31,0
2019-03-19 14:00,15.8,0,3,35,0
2019-03-19 15:00,16.7,0,2.3,41,0
2019-03-19 16:00,16.3,0,2.8,46,0
2019-03-19 17:00,15.9,0,1.8,50,0
2019-03-19 18:00,14.4,0,2.3,57,0
2019-03-19 19:00,12.6,0,2.9,65,0
2019-03-19 20:00,11.5,0,2.3,72,0
2019-03-19 21:00,10.6,0,1.5,76,0
2019-03-19 22:00,9.9,0,0.5,79,0
2019-03-19 23:00,9.4,0,1.3,79,0
2019-03-20 0:00,9.1,0,0.3,81,0
2019-03-20 1:00,8.5,0,0.6,83,0
2019-03-20 2:00,8.4,0,0.8,82,0
2019-03-20 3:00,8.1,0,1.3,84,0
2019-03-20 4:00,7.8,0,1,85,0
2019-03-20 5:00,7.4,0,0.7,84,0
2019-03-20 6:00,7.2,0,0.7,84,0
2019-03-20 7:00,7.6,0,0.9,80,0
2019-03-20 8:00,8.5,0,0.9,75,0
2019-03-20 9:00,10.2,0,1.7,69,0
2019-03-20 10:00,11.5,0,1.9,63,0
2019-03-20 11:00,12.4,0,1.4,57,0
2019-03-20 12:00,13.3,0,1.4,52,0
2019-03-20 13:00,14.4,0,1.4,44,0
2019-03-20 14:00,14.4,0,1.1,44,0
2019-03-20 15:00,13.4,0.5,1.7,63,0
2019-03-20 16:00,11.9,0,1.6,77,0
2019-03-20 17:00,11.1,0,1.4,87,0
2019-03-20 18:00,10.7,2.4,1,88,0
2019-03-20 19:00,10.3,0,1.5,93,0
2019-03-20 20:00,9.9,0,2.4,94,0
2019-03-20 21:00,9.8,7.5,1.8,96,0
2019-03-20 22:00,9.6,0,1.6,96,0
2019-03-20 23:00,9.4,0,2.3,96,0
2019-03-21 0:00,9.3,6.1,1.7,96,0
2019-03-21 1:00,9.4,0,0.8,97,0
2019-03-21 2:00,9.5,0,0.7,97,0
2019-03-21 3:00,9.6,1.3,0.4,97,0
2019-03-21 4:00,9.6,0,3.1,97,0
2019-03-21 5:00,8.7,0,2.6,97,0
2019-03-21 6:00,8.3,2,1.7,97,0
2019-03-21 7:00,8.1,0,1.3,97,0
2019-03-21 8:00,8.2,0,2.1,97,0
2019-03-21 9:00,8.1,0,2.6,97,0
2019-03-21 10:00,8.8,0,3.8,97,0
2019-03-21 11:00,9,0,3.6,92,0
2019-03-21 12:00,9.9,0,3.8,78,0
2019-03-21 13:00,10.9,0,3.8,71,0
2019-03-21 14:00,10.4,0,3.5,71,0
2019-03-21 15:00,10,0,4.2,68,0
2019-03-21 16:00,9.3,0,3.2,59,0
2019-03-21 17:00,7.6,0,4.9,57,0
2019-03-21 18:00,5.7,0,3.4,55,0
2019-03-21 19:00,4.4,0,4.6,56,0
2019-03-21 20:00,3.7,0,3.3,59,0
2019-03-21 21:00,3.3,0,3.3,64,0
2019-03-21 22:00,2.7,0,2.7,65,0
2019-03-21 23:00,2.4,0,3.6,62,0
2019-03-22 0:00,1.9,0,2.4,63,0
2019-03-22 1:00,1.6,0,1.4,61,0
2019-03-22 2:00,1.2,0,2.2,62,0
2019-03-22 3:00,0.8,0,1.9,62,0
2019-03-22 4:00,0.4,0,2,62,0
2019-03-22 5:00,-0.1,0,1.2,60,0
2019-03-22 6:00,-0.6,0,2.3,58,0
2019-03-22 7:00,-0.5,0,2.7,55,0
2019-03-22 8:00,-0.3,0,3.5,53,0
2019-03-22 9:00,0.6,0,2.9,50,0
2019-03-22 10:00,2.3,0,2.3,41,0
2019-03-22 11:00,3.6,0,3.2,38,0
2019-03-22 12:00,4.7,0,3.6,34,0
2019-03-22 13:00,5.8,0,3.6,30,0
2019-03-22 14:00,7.4,0,3.3,27,0
2019-03-22 15:00,7.7,0,3.8,25,0
2019-03-22 16:00,8.3,0,4,21,0
2019-03-22 17:00,7.8,0,4.9,23,0
2019-03-22 18:00,7,0,4,23,0
2019-03-22 19:00,5.4,0,3.9,31,0
2019-03-22 20:00,4.7,0,3.7,33,0
2019-03-22 21:00,4,0,3.8,35,0
2019-03-22 22:00,3.4,0,1.9,38,0
2019-03-22 23:00,2.7,0,2.1,39,0
2019-03-23 0:00,2.2,0,2,40,0
2019-03-23 1:00,1.4,0,1.5,42,0
2019-03-23 2:00,0.8,0,1,44,0
2019-03-23 3:00,0.3,0,1.1,45,0
2019-03-23 4:00,0.3,0,1.5,45,0
2019-03-23 5:00,0.2,0,0.8,53,0
2019-03-23 6:00,-0.4,0,0.6,55,0
2019-03-23 7:00,-0.2,0,0.5,56,0
2019-03-23 8:00,1.1,0,0.7,49,0
2019-03-23 9:00,3.9,0,2.4,58,0
2019-03-23 10:00,5.4,0,3,59,0
2019-03-23 11:00,6.5,0,3,55,0
2019-03-23 12:00,5.4,0,5.2,64,0
2019-03-23 13:00,4.7,0,2,84,0
2019-03-23 14:00,5.3,0,3,70,0
2019-03-23 15:00,6.6,1.7,4,48,0
2019-03-23 16:00,6.9,0,4.7,35,0
2019-03-23 17:00,7.3,0,4.2,27,0
2019-03-23 18:00,6.2,0,4.7,28,0
2019-03-23 19:00,4.8,0,3.5,34,0
2019-03-23 20:00,3.8,0,2.8,37,0
2019-03-23 21:00,3.2,0,2,38,0
2019-03-23 22:00,2.7,0,2.5,36,0
2019-03-23 23:00,2.1,0,1.5,36,0
2019-03-24 0:00,1.5,0,1.9,39,0
2019-03-24 1:00,1,0,1.1,44,0
2019-03-24 2:00,0.4,0,0.8,47,0
2019-03-24 3:00,-0.2,0,0.1,52,0
2019-03-24 4:00,-0.4,0,0.8,52,0
2019-03-24 5:00,-0.6,0,0.9,57,0
2019-03-24 6:00,-0.3,0,1.7,56,0
2019-03-24 7:00,-0.8,0,1.3,62,0
2019-03-24 8:00,0.3,0,1.4,48,0
2019-03-24 9:00,3,0,2,42,0
2019-03-24 10:00,5.1,0,2.6,35,0
2019-03-24 11:00,7.6,0,1.8,30,0
2019-03-24 12:00,8.6,0,3.4,33,0
2019-03-24 13:00,9.3,0,4.4,31,0
2019-03-24 14:00,9,0,4.3,30,0
2019-03-24 15:00,9,0,4.3,32,0
2019-03-24 16:00,9,0,3.9,39,0
2019-03-24 17:00,8.3,0,3.8,34,0
2019-03-24 18:00,7.2,0,3.2,31,0
2019-03-24 19:00,5.5,0,2.7,41,0
2019-03-24 20:00,4.6,0,3.5,57,0
2019-03-24 21:00,4,0,2,54,0
2019-03-24 22:00,3.7,0,2.1,57,0
2019-03-24 23:00,3.6,0,2.2,61,0
2019-03-25 0:00,3.3,0,1.8,63,0
2019-03-25 1:00,3.2,0,1.3,64,0
2019-03-25 2:00,3.5,0,1,65,0
2019-03-25 3:00,2.9,0,1.1,67,0
2019-03-25 4:00,3.2,0,1,66,0
2019-03-25 5:00,3.5,0,0.9,66,0
2019-03-25 6:00,3.8,0,0.9,66,0
2019-03-25 7:00,3.8,0,2,67,0
2019-03-25 8:00,4.2,0,0.6,65,0
2019-03-25 9:00,5.6,0,1.1,60,0
2019-03-25 10:00,7.1,0,1.5,57,0
2019-03-25 11:00,7.8,0,1,55,0
2019-03-25 12:00,9,0,0.9,50,0
2019-03-25 13:00,10.2,0,3.1,51,0
2019-03-25 14:00,10.6,0,3,50,0
2019-03-25 15:00,10.6,0,4.6,48,0
2019-03-25 16:00,11.2,0,4.6,46,0
2019-03-25 17:00,11.1,0,4.5,46,0
2019-03-25 18:00,10.4,0,3.1,44,0
2019-03-25 19:00,9.5,0,2.6,46,0
2019-03-25 20:00,8.8,0,2.7,48,0
2019-03-25 21:00,8.3,0,2.7,53,0
2019-03-25 22:00,7.8,0,1.5,56,0
2019-03-25 23:00,7.5,0,1.4,55,0
2019-03-26 0:00,7.7,0,2.8,61,0
2019-03-26 1:00,7.7,0,2.5,70,0
2019-03-26 2:00,7.7,0,1.9,75,0
2019-03-26 3:00,7.5,0,1.7,78,0
2019-03-26 4:00,7.5,0,0.9,79,0
2019-03-26 5:00,7.4,0,2,80,0
2019-03-26 6:00,7.5,0,1.6,82,0
2019-03-26 7:00,7.5,0,1.4,82,0
2019-03-26 8:00,7.8,0,1.6,79,0
2019-03-26 9:00,8.8,0,0.9,71,0
2019-03-26 10:00,11.1,0,1.6,61,0
2019-03-26 11:00,13.3,0,1.8,47,0
2019-03-26 12:00,14.1,0,2.8,30,0
2019-03-26 13:00,15,0,2.4,30,0
2019-03-26 14:00,16.6,0,2.4,27,0
2019-03-26 15:00,17,0,2.8,27,0
2019-03-26 16:00,17.5,0,1.6,25,0
2019-03-26 17:00,17.3,0,2.6,24,0
2019-03-26 18:00,15.9,0,2.6,31,0
2019-03-26 19:00,13.4,0,1.4,37,0
2019-03-26 20:00,11.9,0,1.9,39,0
2019-03-26 21:00,11.1,0,2.3,38,0
2019-03-26 22:00,10.7,0,2.4,38,0
2019-03-26 23:00,10.1,0,1.1,40,0
2019-03-27 0:00,9.2,0,0.8,52,0
2019-03-27 1:00,9.7,0,3.2,47,0
2019-03-27 2:00,9.9,0,1.2,50,0
2019-03-27 3:00,10,0,3,62,0
2019-03-27 4:00,9.9,0,3.1,71,0
2019-03-27 5:00,9.8,0,2.6,74,0
2019-03-27 6:00,9.7,0,2,76,0
2019-03-27 7:00,10.1,0,2.1,75,0
2019-03-27 8:00,10.6,0,3.5,72,0
2019-03-27 9:00,11.7,0,2.1,66,0
2019-03-27 10:00,12.8,0,3.4,61,0
2019-03-27 11:00,14.6,0,3.2,53,0
2019-03-27 12:00,15.8,0,5.1,49,0
2019-03-27 13:00,15.5,0,4.4,49,0
2019-03-27 14:00,15.8,0,4.3,49,0
2019-03-27 15:00,15.1,0,5.1,49,0
2019-03-27 16:00,14,0,5.2,55,0
2019-03-27 17:00,12.6,0,3.4,64,0
2019-03-27 18:00,11.6,0,3.5,70,0
2019-03-27 19:00,10.9,0,3.4,74,0
2019-03-27 20:00,10.5,0,1.5,76,0
2019-03-27 21:00,10,0,2.7,77,0
2019-03-27 22:00,9.7,0,2.3,78,0
2019-03-27 23:00,9.5,0,1.8,79,0
2019-03-28 0:00,8.9,0,2.1,82,0
2019-03-28 1:00,8.6,0,2.6,82,0
2019-03-28 2:00,8.3,0,1.4,84,0
2019-03-28 3:00,7.7,0,3.4,85,0
2019-03-28 4:00,7.2,0,3.5,84,0
2019-03-28 5:00,6.7,0,2.1,80,0
2019-03-28 6:00,6.1,0,3.5,83,0
2019-03-28 7:00,5.6,0,0.9,85,0
2019-03-28 8:00,6,0,2,79,0
2019-03-28 9:00,7.2,0,1.8,65,0
2019-03-28 10:00,9.1,0,1.6,56,0
2019-03-28 11:00,11,0,3.2,52,0
2019-03-28 12:00,12.5,0,2.8,38,0
2019-03-28 13:00,13.7,0,2.9,27,0
2019-03-28 14:00,14.2,0,2.7,17,0
2019-03-28 15:00,14.1,0,3.4,20,0
2019-03-28 16:00,13.8,0,3.7,24,0
2019-03-28 17:00,12.9,0,4.5,29,0
2019-03-28 18:00,11.3,0,3.5,32,0
2019-03-28 19:00,9.7,0,3.1,31,0
2019-03-28 20:00,8.8,0,3.1,35,0
2019-03-28 21:00,8.4,0,2.3,37,0
2019-03-28 22:00,8.4,0,2,39,0
2019-03-28 23:00,8.1,0,3.3,45,0
2019-03-29 0:00,7.9,0,1.6,39,0
2019-03-29 1:00,7.7,0,2.3,40,0
2019-03-29 2:00,7.2,0,1.5,40,0
2019-03-29 3:00,6.9,0,0.8,37,0
2019-03-29 4:00,6.4,0,1.1,26,0
2019-03-29 5:00,6.3,0,1.4,29,0
2019-03-29 6:00,5.6,0,1.3,33,0
2019-03-29 7:00,5.6,0,1.1,35,0
2019-03-29 8:00,5.9,0,0.7,35,0
2019-03-29 9:00,7.7,0,0.9,32,0
2019-03-29 10:00,10.2,0,1.6,32,0
2019-03-29 11:00,11.4,0,2.1,29,0
2019-03-29 12:00,12.3,0,3.1,26,0
2019-03-29 13:00,13.8,0,1.8,23,0
2019-03-29 14:00,14.8,0,2.5,20,0
2019-03-29 15:00,14.9,0,2.7,22,0
2019-03-29 16:00,14.1,0,3.8,27,0
2019-03-29 17:00,12.7,0,3.6,30,0
2019-03-29 18:00,11.4,0,3.2,30,0
2019-03-29 19:00,9.4,0,3,32,0
2019-03-29 20:00,8.2,0,2,28,0
2019-03-29 21:00,7.9,0,2.4,38,0
2019-03-29 22:00,7.5,0,2.5,39,0
2019-03-29 23:00,7.3,0,2.4,43,0
2019-03-30 0:00,7.1,0,2.5,47,0
2019-03-30 1:00,5.7,0,3.1,71,0
2019-03-30 2:00,4.5,0,1.1,86,0
2019-03-30 3:00,4.4,1.6,2.9,87,0
2019-03-30 4:00,3.9,0,0.5,88,0
2019-03-30 5:00,4.1,0,0.1,93,0
2019-03-30 6:00,4.4,0,0.7,91,0
2019-03-30 7:00,4.7,0,1.2,92,0
2019-03-30 8:00,5,0,2.1,86,0
2019-03-30 9:00,5.4,0,2,83,0
2019-03-30 10:00,6,0,2.6,79,0
2019-03-30 11:00,6.5,0,3,73,0
2019-03-30 12:00,7.6,0,3.1,69,0
2019-03-30 13:00,6.6,0,3.4,78,0
2019-03-30 14:00,7.9,0,5.7,63,0
2019-03-30 15:00,7.7,0.1,5.9,39,0
2019-03-30 16:00,7.1,0,4.9,45,0
2019-03-30 17:00,5.9,0,5.3,57,0
2019-03-30 18:00,4.7,0,4.2,66,0
2019-03-30 19:00,3.7,0,4.9,65,0
2019-03-30 20:00,3.6,0,4.3,68,0
2019-03-30 21:00,3.7,0.1,3.7,69,0
2019-03-30 22:00,3.9,0,3.5,69,0
2019-03-30 23:00,4.1,0,4.2,70,0
2019-03-31 0:00,3.7,0,3.8,72,0
2019-03-31 1:00,3.4,0,4.4,69,0
2019-03-31 2:00,3.2,0,4.8,70,0
2019-03-31 3:00,3.3,0,3.4,69,0
2019-03-31 4:00,3.2,0,3.1,69,0
2019-03-31 5:00,3.2,0,2.9,70,0
2019-03-31 6:00,3.1,0,3,69,0
2019-03-31 7:00,3,0,1.5,67,0
2019-03-31 8:00,3,0,2.8,63,0
2019-03-31 9:00,3.1,0,2.6,60,0
2019-03-31 10:00,3.5,0,3.7,58,0
2019-03-31 11:00,4.2,0,2.7,53,0
2019-03-31 12:00,5,0,4.1,47,0
2019-03-31 13:00,4.8,0,3.1,51,0
2019-03-31 14:00,5.3,0,2.9,46,0
2019-03-31 15:00,6.7,0,3,35,0
2019-03-31 16:00,8,0,3.3,24,0
2019-03-31 17:00,7.5,0,4.4,20,0
2019-03-31 18:00,6.8,0,3.2,27,0
2019-03-31 19:00,5.9,0,3.1,24,0
2019-03-31 20:00,4.9,0,2.6,24,0
2019-03-31 21:00,4.2,0,3.1,25,0
2019-03-31 22:00,3.6,0,2.8,28,0
2019-03-31 23:00,3,0,1.6,31,0
